comment_id,cleaned_text,token_count
0,kehadiran polri di desadesa dan perbatasan terbukti membawa dampak besar bagi program makan bergizi gratis demi masa depan generasi bangsa,19
1,mulai dari jaga stabilitas harga bahan pokok sampai sukseskan makan bergizi gratis polri terbukti andal dalam menyukseskan program strategis pemerintah,23
2,program makan bergizi gratis tidak hanya menjamin kecukupan gizi anakanak tapi juga berkontribusi mencetak generasi unggul menuju indonesia emas,30
3,program makan bergizi gratis tidak hanya menjamin kecukupan gizi anakanak tapi juga berkontribusi mencetak generasi unggul menuju indonesia emas,25
4,program makan bergizi gratis tidak hanya menjamin kecukupan gizi anakanak tapi juga berkontribusi mencetak generasi unggul menuju indonesia emas,31
5,program makan bergizi gratis tidak hanya menjamin kecukupan gizi anakanak tapi juga berkontribusi mencetak generasi unggul menuju indonesia emas,24
6,dukung program makan bergizi gratis ✅ asupan nutrisi yang cukup lahirkan generasi sehat dan cerdas demi masa depan indonesia yang hebat,8
7,protein penuh anak cerdas makmur ✅ program makan bergizi gratis penuhi kebutuhan nutrisi protein agar anak tumbuh sehat cerdas dan siap meraih masa depan,15
8,moratorium dan perombakan total program makan bergizi gratis mbg tandatangani petisi lewat,26
9,pidato prabowo pagi ini “tokohtokoh kepolisian aktif di semua sektor kenegaraan” “polri membantu secara aktif dan mendukung dalam menentukan programprogram strategis seperti program makan bergizi gratis” berarti secara ngga langsung membenarkan kalo mereka ‘berbisnis’ juga,31
10,makan bergizi gratis adalah investasi untuk masa depan indonesia anakanak yang mendapatkan asupan gizi yang baik memiliki peluang lebih besar untuk tumbuh sehat belajar lebih optimal dan menjadi generasi unggul mari dukung bersama agar manfaatnya dirasakan semakin luas,28
11,makan bergizi gratis adalah investasi untuk masa depan indonesia anakanak yang mendapatkan asupan gizi yang baik memiliki peluang lebih besar untuk tumbuh sehat belajar lebih optimal dan menjadi generasi unggul mari dukung bersama agar manfaatnya dirasakan semakin luas,28
12,makan bergizi gratis adalah investasi untuk masa depan indonesia anakanak yang mendapatkan asupan gizi yang baik memiliki peluang lebih besar untuk tumbuh sehat belajar lebih optimal dan menjadi generasi unggul mari dukung bersama agar manfaatnya dirasakan semakin luas,21
13,makan bergizi gratis adalah investasi untuk masa depan indonesia anakanak yang mendapatkan asupan gizi yang baik memiliki peluang lebih besar untuk tumbuh sehat belajar lebih optimal dan menjadi generasi unggul mari dukung bersama agar manfaatnya dirasakan semakin luas,20
14,makan bergizi gratis bukan hanya memberi makan tapi juga menguatkan ekonomi keluarga dan membangun masa depan indonesia yang lebih sehat cerdas dan sejahtera,27
15,inovasi siapmbg pantau distribusi makan bergizi gratis tepat sasaran,27
16,,21
17,klarifikasi hoax fabricated content salah kepala bgn nanik ditangkap karena terlibat kasus korupsi mbg beredar unggahan foto arsip dari akun facebook “nursusilawati daeatu” pada selasa berisi narasi “baru dilantik jadi kepala bgn naniek ditangkap cek fakta,7
18,membangun keadilan gizi melalui program makan bergizi gratis,32
19,langkah bgn efisiensikan anggaran program makan bergizi gratis,25
20,dukung program makan bergizi gratis untuk peningkatan gizi anakanak indonesia dan meningkatkan kesejahteraan masyarakat indonesia,25
21,program makan bergizi gratis fokus pada penerima yang membutuhkan,20
22,dukung perbaikan untuk keberlanjutan program makan bergizi gratis,20
23,dukung bersama program makan bergizi gratis,21
24,dukung bersama program makan bergizi gratis,21
25,the saddest part is ibu ini jualan tengah malem bukan karena pengen tapi ya karena gak ada pilihan lain ” turut berduka atas balita tahun yang meninggal akibat jatuh ke lubang proyek galian di manggarai pas nemenin ibunya jualan es teh tengah malam sebenernya ini,21
26,,21
27,sebelum didistribusikan ribuan porsi mbg di sirandu jalani uji food safety organoleptik tim sidokkes polres cirebon kota melaksanakan pengecekan food safety secara organoleptik terhadap menu makan bergizi gratis mbg di sppg sirandu lemahwungkuk sebelum didistribusikan kepada,21
28,bagi anakanak di daerah terpencil program makan bergizi gratis bukan sekadar makanan — tapi harapan,12
29,makan bergizi gratis adalah investasi nyata untuk mencetak generasi sehat cerdas dan berdaya saing sekaligus menggerakkan ekonomi rakyat melalui pemberdayaan petani nelayan dan umkm lokal,21
30,makan bergizi gratis adalah investasi nyata untuk mencetak generasi sehat cerdas dan berdaya saing sekaligus menggerakkan ekonomi rakyat melalui pemberdayaan petani nelayan dan umkm lokal,21
31,belakangan muncul anggapan bahwa efisiensi anggaran membuat porsi program makan bergizi gratis mbg berkurang faktanya efisiensi bukan berarti mengurangi manfaat yang diterima masyarakat,23
32,baca selengkapnya kepala bpom taruna ikrar menegaskan bpom menjalankan tugas pengawasan dalam program makan bergizi gratis sesuai ketentuan peraturan presiden nomor pengawasan tersebut mencakup bahan baku penyiapan distribusi hingga mitigasi,24
33,sebut program bansos rawan jadi kosmetik jangka pendek pakar dorong pendekatan teknokratik dan politik yang etis “bhw konfrontasi konseptual ini sgt relevan jika diletakkan dlm konteks aktual hari ini salah satunya pada program makan bergizi gratis”,12
34,mbg makan bergizi gratis alhamdulillah enak terimakasih banyak,29
35,dpr dan badan gizi nasional matangkan program makan bergizi gratis ✍️✔️ �,21
36,programprogram pemerintah yang saat ini sedang dijalankan menunjukkan komitmen yang kuat untuk membangun indonesia secara lebih menyeluruh inisiatif seperti program makan bergizi gratis mbg sekolah rakyat hingga koperasi merah putih mencerminkan upaya pemerintah dalam,26
37,perangkat desa dukung pelaksanaan mbg dan kopdes di hadapan mendes yandri persatuan perangkat desa indonesia ppdi menyatakan dukungan pelaksanaan programprogram prioritas presiden untuk kesejahteraan masyarakat antara lain koperasi desa merah putih makan bergizi gratis,21
38,program makan bergizi gratis terus dibenahi agar tepat sasaran pemerintah berkomitmen sikat habis praktik tidak terpuji dalam pelaksanaan program demi lindungi hak gizi anak bangsa mari kawal terus tata kelola yang transparan dan akuntabel,25
39,catatan merah halo sobat gita ‼️ program makan bergizi gratis diharapkan meningkatkan gizi anak bangsa namun dinilai berpotensi rawan penyimpangan uk pers mahasiswa giri taruna progresif kreatif dan faktual,25
40,jangan lupa edukasi gizi memberikan makanan bergizi harus dibarengi dengan literasi gizi di tingkat sekolah dan rumah tangga agar pola makan sehat tidak hanya terjadi saat jam makan gratis saja mari tetap kawal mega proyek ini,21
41,nadiem makarim langsung divonis tahun rpm denda rpm uang pengganti sementara lihat kasus dadan hindayana eks kepala bgn yang korupsi program makan bergizi gratis baru ditersangkakan mark up gedtapi prosesnya masih santaisantai aja kok beda treatmentnya ya,21
42,qodari evaluasi program mbg fokus pada tata kelola dan kualitas layanan jakarta – pemerintah terus melakukan evaluasi terhadap pelaksanaan program makan bergizi gratis mbg untuk memastikan program berjalan efektif efisien dan tepat sasaran kepala badan komunikasi,15
43,dampak yang ditimbulkan menurut tulisan tersebut ​jika kepakaran diabaikan dan akomodasi politik lebih diutamakan tulisan tersebut menjabarkan beberapa dampak nyata ​pembangunan infrastruktur yang kurang efektif lahirnya proyekproyek infrastruktur fisik yang selesai,15
44,eks menkeu fuad bawazier prediksi program mbg makin sempurna di tahun ketiga jakarta — mantan menteri keuangan ri fuad bawazier menilai penyelenggaraan program makan bergizi gratis mbg yang dimulai pada awal tahun akan semakin matang pada tahun ketiga menurutnya program,15
45,juta warga indonesia sakit akibat makanan bpom bentuk kader sapa badan pengawas obat dan makanan bpom meluncurkan gerakan kader sosialisasi sadar pangan aman sapa berbasis budaya sebagai upaya memperkuat kesadaran masyarakat terhadap keamanan pangan,21
46,mbg watch selamatkan apbn mbg harus disetop sampai aturan selesai eddy wijaya dan peneliti ti indonesia yang juga anggota koalisi mbg watch agus sarwono berbincang terkait program makan bergizi gratis mbg di podcast edshareon eddy sharing and discussion,21
47,sobat panen akhirakhir ini sadar gak kalau harga daging ayam dan telur lagi murahmurahnya menteri perdagangan budi santoso menjelaskan kalau penurunan harga di bawah het ini terjadi karena dua hal berhentinya penyerapan dari program makan bergizi gratis mbg selama,13
48,wakil ketua dpr ri saan mustopa mendorong badan gizi nasional bgn memaksimalkan penyerapan hasil produk umkm untuk program makan bergizi gratis mbg saan menjelaskan penyerapan hasil umkm akan memberikan multiplier effect ekonomi hasilhasil dari…,15
49,baca selengkapnya libur sekolah membawa perubahan pada pasokan bahan pokok di pasar padaherang kabupaten pangandaran pedagang menyebut harga telur dan ayam turun karena liburnya program makan bergizi gratis mbg sehingga warga lebih lega berbelanja,16
50,anggota komisi ii dpr ri romy soekarno mengusulkan skema baru program makan bergizi gratis mbg dengan menyalurkan dana sebesar rp per hari langsung ke rekening orang tua siswa melalui kartu atm khusus usulan ini bertujuan agar orang tua dapat mengelola dana tersebut,31
51,vonis tahun penjara terhadap nadiem makarim dalam perkara korupsi pengadaan chromebook menjadi perhatian publik dan memicu perbincangan luas di media sosial di platform x sejumlah warganet mulai membandingkan putusan tersebut dengan proses hukum dugaan korupsi program makan,21
52,jakarta – menteri keuangan purbaya yudhi sadewa menyatakan dukungan pada rencana pemangkasan anggaran program makan bergizi gratis mbg yang tengah disiapkan oleh badan gizi nasional bgn baca selengkapnya,21
53,jakarta – ketua dewan ekonomi nasional den luhut binsar pandjaitan mengakui perencanaan makan bergizi gratis mbg belum disiapkan secara matang hingga menimbulkan persoalan dalam pelaksanaan program prioritas ini baca selengkapnya,21
54,membahas program makan bergizi gratis fathimah tak membantah niat baiknya ia justru mendiagnosis ulang lapar adalah gejala sedangkan akses pendidikan amp infrastruktur adalah akarnya cara pandang khas seorang dokter,21
55,dpr ri bersama badan gizi nasional berkomitmen matangkan skema program makan bergizi gratis fokus pada efektivitas distribusi amp pemenuhan standar gizi anak bangsa,21
56,perkuat mbg mendikdasmen dan bpom kolaborasi di program sosialisasi aman pangan sapa menteri pendidikan dasar dan menengah mendikdasmen abdul muti menegaskan komitmen pemerintah memperkuat keamanan pangan melalui kolaborasi dengan badan pengawas obat dan makanan bpom,21
57,kawan pajak tahukah kamu kalau program makan bergizi gratis mbg juga berkontribusi terhadap penerimaan pajak agar pelaksanaannya berjalan lancar transparan dan akuntabel setiap pihak yang menjalankan kegiatan usaha dalam ekosistem mbg—mulai dari yayasan penyelenggara,21
58,program makan bergizi gratis mampu mengurangi angka stunting dan kekurangan gizi sekaligus membuka peluang masa depan yang lebih baik bagi setiap anak,21
59,program makan bergizi gratis mampu mengurangi angka stunting dan kekurangan gizi sekaligus membuka peluang masa depan yang lebih baik bagi setiap anak,15
60,program makan bergizi gratis mampu mengurangi angka stunting dan kekurangan gizi sekaligus membuka peluang masa depan yang lebih baik bagi setiap anak,44
61,program makan bergizi gratis mampu mengurangi angka stunting dan kekurangan gizi sekaligus membuka peluang masa depan yang lebih baik bagi setiap anak,15
62,lewat program makan bergizi gratis jambi memanfaatkan bahan pangan lokal untuk memenuhi kebutuhan gizi anak sekaligus membuka peluang lebih besar bagi petani peternak dan umkm daerah,22
63,program makan bergizi gratis di jambi serap bahan pangan lokal untuk perkuat gizi anak amp ekonomi desa,22
64,program makan bergizi gratis di jambi serap bahan pangan lokal untuk perkuat gizi anak amp ekonomi desa,21
65,jika si ibu dikasih modal usaha maka jajan amp makan bergizi adalah tangung jawab keluarga bkn tangung jawab negara negara bertangung jawab kpd rakyat pendidikan sduniversitas gratis kesempatan kerja amp usaha kesehatan publik servis keamanan amp ketertiban no mbg,27
66,harga sembako di pasar tradisional kabupaten lebak turun selama program makan bergizi gratis atau mbg libur sementara saat libur panjang sekolah ayam telur cabai dan sayuran kini lebih murah karena pasokan melimpah,27
67,kawan pajak tahukah kamu kalau program makan bergizi gratis mbg juga berkontribusi terhadap penerimaan pajak,15
68,program makan bergizi gratis mbg nasional masih menghadapi tantangan serius mulai dari sasaran penerima yang kurang tepat manajemen rantai pasok yang kurang transparan hingga standar gizi dan keamanan pangan yang belum optimal pemerintah tengah berupaya restrukturisasi sist,26
69,kawan pajak tahukah kamu kalau program makan bergizi gratis mbg juga berkontribusi terhadap penerimaan pajak agar pelaksanaannya berjalan lancar transparan dan akuntabel setiap pihak yang menjalankan kegiatan usaha dalam ekosistem mbg—mulai dari yayasan penyelenggara,27
70,demo para karyawan mbg di alun alun brebes hari minggu kemarin juni para karyawan tersebut menuntut agar program makan bergizi gratis tetap dilanjutkan,17
71,makan bergizi minus gratis hari ini grilled chicken with mushroom sauce pan grilled carrots with beans organic rice kalian hari ini makan siang apa,25
72,baca di sini libur sekolah membuat operasional dapur program makan bergizi gratis mbg ikut dihentikan sementara hingga juli akibatnya puluhan relawan satuan pelayanan pemenuhan gizi sppg di kota malang kehilangan pekerjaan harian dan harus,32
73,karena baru sekarang semenjak nkri berdiri presiden membuat program mbg makan bergizi gratis untuk rakyat senkri mbg program paling mulia,24
74,baca di sini sejumlah harga bahan kebutuhan pokok di kabupaten buleleng bali mengalami penurunan saat program makan bergizi gratis mbg libur farah ferbiliana ibu rumah tangga asal desa sambangan kecamatan sukasada buleleng menyebut harga daging,24
75,harga daging ayam potong dan telur ayam ras di pasar basah trenggalek mengalami penurunan dalam beberapa pekan terakhir pedagang menilai turunnya harga dipengaruhi liburnya pelaksanaan program makan bergizi gratis mbg,24
76,makan bergizi ga gratis karna dari dm gw,24
77,narasi pembenci bilang pidatonya nggak realistis atau populis faktanya program seperti mbg makan bergizi gratis dirancang nyata untuk menguntungkan para petani lokal kita sektor arus bawah langsung bergerak,24
78,ngerasain makan bergizi dan gratis karena boleh dikasih,24
79,wakil ketua dpr ri saan mustopa meminta badan gizi nasional bgn untuk memaksimalkan penyerapan hasil produksi para petani hingga produkproduk usaha mikro kecil dan menengah umkm untuk program makan bergizi gratis mbg,20
80,makan bergizi gratis mbg dan koperasi desa merah putih kdmp hingga buruknya tata kelola regulasi yang tumpang tindih dan penuh dengan ketidakpastian hukum,19
81,anak muda nabire ciptakan siapmbg sistem monitoring realtime canggih untuk makan bergizi gratis ini papua maju,13
82,jadi ada sebuah diskusi menarik minggu ini pdip diserang habis oleh golkar demokrat dan pkb momen ini berlanjut ke podkas milik akbar faisal dalam diskusi tersebut politisi partai golkar asal dapil sumatera utara iii ahmad doli kurnia dan politisi partai,19
83,makan bergizi gratis bukan sekadar bantuan tapi investasi jangka panjang untuk mencetak generasi sehat cerdas dan tangguh demi indonesia maju,26
84,makan bergizi gratis bukan sekadar bantuan tapi investasi jangka panjang untuk mencetak generasi sehat cerdas dan tangguh demi indonesia maju,26
85,makan bergizi gratis bukan sekadar bantuan tapi investasi jangka panjang untuk mencetak generasi sehat cerdas dan tangguh demi indonesia maju,27
86,ketika generasi muda ikut menciptakan solusi melalui teknologi manfaatnya bisa dirasakan lebih luas inovasi monitoring real time untuk program makan bergizi gratis menjadi contoh kolaborasi yang membanggakan demi mewujudkan papua maju,26
87,bukti anak papua bisa monitoring makan bergizi gratis kini lebih transparan dan akurat papua maju ayo sebarkan,10
88,dari papua untuk indonesia teknologi monitoring makan bergizi gratis ini bikin salut papua maju keren toh,14
89,anak muda nabire membuktikan bahwa inovasi lahir dari daerah untuk indonesia sistem monitoring real time yang mereka kembangkan mendukung program makan bergizi gratis agar semakin efektif dan transparan semangat seperti inilah yang membawa papua maju,23
90,kawan pajak tahukah kamu kalau program makan bergizi gratis mbg juga berkontribusi terhadap penerimaan pajak,10
91,papua terus membuktikan kualitasnya anak muda nabire menghadirkan sistem monitoring realtime untuk mendukung program makan bergizi gratis inovasi dari timur untuk masa depan indonesia papua maju,7
92,papua terus membuktikan kualitasnya anak muda nabire menghadirkan sistem monitoring realtime untuk mendukung program makan bergizi gratis inovasi dari timur untuk masa depan indonesia papua maju,21
93,transparan gini cara papua kawal program makan bergizi gratis,9
94,makan bergizi gratis,8
95,sementara itu rubrik opini mengulas pentingnya penerapan sni dalam mendukung program makan bergizi gratis guna menjamin keamanan mutu dan konsistensi penyelenggaraannya,22
96,ekonomi rakyat kembali dikejutkan dengan dugaan korupsi dalam program makan bergizi gratis mbg sebagai hidangan penutup dpr mengesahkan ruu polri dengan pembahasan yang begitu cepat sehingga memunculkan banyak pertanyaan dari publik juni memang telah usai namun yang,14
97,badan perencanaan pembangunan riset dan inovasi daerah bapperida kabupaten kudus pada senin juni memfasilitasi pelaksanaan rapat evaluasi program makan bergizi gratis mbg di kabupaten kudus kegiatan ini berlangsung mulai pukul wib di pendopo kabupaten kudus,14
98,keren banget nih aplikasi buatan anak asli nabire ini jadi bukti nyata papua maju dalam mengawal program makan bergizi gratis secara realtime,15
99,pastikan aman pastikan berkualitas komitmen polres ppu dalam mendukung program makan bergizi gratis mbg diwujudkan melalui pengawasan food safety secara berkala di sppg kemala bhayangkari,14
100,program makan bergizi gratis mbg terus berjalan merata hingga ke seluruh wilayah memastikan setiap anak mendapatkan asupan gizi yang cukup tanpa terkecuali,12
101,program makan bergizi gratis mbg terus berjalan merata hingga ke seluruh wilayah memastikan setiap anak mendapatkan asupan gizi yang cukup tanpa terkecuali,9
102,kabar ini beredar setelah menteri keuangan purbaya sadewa menjelaskan hasil pertemuannya dengan badan gizi nasional terkait evaluasi program makan bergizi gratis menurut purbaya besaran anggaran yang akan dipangkas cukup besar ini bukan kali pertama pemangkasan anggaran mbg,25
103,berapa duit per kepala ini ribuan “relawan” sppg demo dukung mbg lanjutin mereka beneran relawan sukarela atau ada insentif tertentu program makan bergizi gratis emang bagus buat anakanak tapi pengawasan amp transparansi anggarannya gimana,25
104,program makan bergizi gratis mbg dipantau melalui aplikasi lokal untuk memastikan pelaksanaannya transparan akuntabel dan tepat sasaran,8
105,program makan bergizi gratis mbg dipantau melalui aplikasi lokal untuk memastikan pelaksanaannya transparan akuntabel dan tepat sasaran,4
106,program makan bergizi gratis di jambi serap bahan pangan lokal untuk perkuat gizi anak amp ekonomi desa,13
107,siapa bilang papua cuma bisa jadi penonton program pusat anak muda nabire membuktikan lewat aplikasi siap mbg bahwa mereka mampu menciptakan sistem tercanggih demi menyukseskan program makan bergizi gratis dari pemerintah ini bukti nyata papua maju,13
108,keren banget nih aplikasi buatan anak asli nabire ini jadi bukti nyata papua maju dalam mengawal program makan bergizi gratis secara realtime,13
109,apakah ini hasil dari makan bergizi gratis kah,13
110,papua maju dalam mengawal program makan bergizi gratis secara realtime,22
111,keren banget nih aplikasi buatan anak asli nabire ini jadi bukti nyata papua maju dalam mengawal program makan bergizi gratis secara realtime,12
112,belum lagi sejumlah program yang jadi penopang untuk mendorong penguatan kesejahteraan petani di indonesia seperti program mbg makan bergizi gratis dan koperasi desakelurahan merah putih,14
113,gizi anak terpenuhi dan ekonomi desa tumbuh adalah visi besar yang diusung oleh zulkifli hasan melalui optimalisasi program makan bergizi gratis,24
114,sikooontl bisanya mikir kesana bilang biar pemerintah ga bekerja sndiri dengan anggaran yg ada lah duit lu sndiri aja sana pake yg dipake slama ini udah uang rakyat blok msh mau malakin lg bgst lu bilangnya makan bergizi gratis nyet,27
115,pdip resmi melarang seluruh kadernya mencari keuntungan dari program makan bergizi gratis mbg baca selengkapnya,33
116,sinergi kuat kpk dan kejagung dalam mengusut tuntas dugaan korupsi program makan bergizi gratis demi melindungi hak nutrisi anakanak indonesia,25
117,kawan pajak tahukah kamu kalau program makan bergizi gratis mbg juga berkontribusi terhadap penerimaan pajak agar pelaksanaannya berjalan lancar transparan dan akuntabel setiap pihak yang menjalankan kegiatan usaha dalam ekosistem mbg—mulai dari yayasan penyelenggara,11
118,ribuan orang yang mengatasnamakan relawan pekerja satuan pelayanan pemenuhan gizi sppg menggelar aksi unjuk rasa di pusat pemerintahan kabupaten tangerang senin aksi ini juga didominasi emakemak yang melangsungkan unjuk rasa di depan kantor bupati tangerang,24
119,program makan bergizi gratis tidak hanya membantu memenuhi kebutuhan gizi anak tetapi juga menggerakkan ekonomi rakyat dengan melibatkan petani peternak nelayan dan umkm lokal dalam rantai pasok program ini menciptakan manfaat yang dirasakan dari hulu hingga hilir,11
120,program makan bergizi gratis tidak hanya membantu memenuhi kebutuhan gizi anak tetapi juga menggerakkan ekonomi rakyat dengan melibatkan petani peternak nelayan dan umkm lokal dalam rantai pasok program ini menciptakan manfaat yang dirasakan dari hulu hingga hilir,18
121,kasus korupsi makan bergizi gratis naik level dari tersangka ada satu bernyanyi kode yang disebut kode itu bukan angka iseng dugaan kuat merujuk pada pihak yang ikut nikmati aliran duit mbg artinya jaringan korupsi mbg ini lebih luas bukan hanya orang,23
122,program makan bergizi gratis tidak hanya membantu memenuhi kebutuhan gizi anak tetapi juga menggerakkan ekonomi rakyat dengan melibatkan petani peternak nelayan dan umkm lokal dalam rantai pasok program ini menciptakan manfaat yang dirasakan dari hulu hingga hilir,25
123,program makan bergizi gratis tidak hanya membantu memenuhi kebutuhan gizi anak tetapi juga menggerakkan ekonomi rakyat dengan melibatkan petani peternak nelayan dan umkm lokal dalam rantai pasok program ini menciptakan manfaat yang dirasakan dari hulu hingga hilir,17
124,program makan bergizi gratis fokus pada penerima yang membutuhkan,31
125,inovasi anakanak papua melalui teknologi mendukung pelaksanaan program makan bergizi gratis mbg agar lebih transparan tepat sasaran dan bermanfaat bagi generasi penerus,8
126,zulkifli hasan mendorong agar kebutuhan program makan bergizi gratis diprioritaskan berasal dari koperasi desa sehingga ekonomi desa semakin tumbuh masyarakat lokal semakin sejahtera,26
127,dukung perbaikan untuk keberlanjutan program makan bergizi gratis,9
128,dukung program makan bergizi gratis untuk peningkatan gizi anakanak indonesia dan meningkatkan kesejahteraan masyarakat indonesia,30
129,kawan pajak tahukah kamu kalau program makan bergizi gratis mbg juga berkontribusi terhadap penerimaan pajak,8
130,zulkifli hasan mendorong agar kebutuhan program makan bergizi gratis diprioritaskan berasal dari koperasi desa sehingga ekonomi desa semakin tumbuh masyarakat lokal semakin sejahtera,16
131,zulkifli hasan mendorong sppg berbelanja bahan pangan di kopdes agar program makan bergizi gratis ikut menggerakkan ekonomi desa,16
132,langkah bgn efisiensikan anggaran program makan bergizi gratis,28
133,membangun keadilan gizi melalui program makan bergizi gratis,30
134,program makan bergizi gratis mbg menjadi salah satu program yang paling dinantikan oleh para pelajar di berbagai sekolah ia juga menilai sejumlah pemberitaan negatif terkait program unggulan presiden prabowo subianto tersebut tidak mencerminkan kondisi yang dirasakan warga,13
135,program makan bergizi gratis mbg menjadi salah satu program yang paling dinantikan oleh para pelajar di berbagai sekolah ia juga menilai sejumlah pemberitaan negatif terkait program unggulan presiden prabowo subianto tersebut tidak mencerminkan kondisi yang dirasakan warga,11
136,anggaran mbg dipangkas lagi ‍ gue baru baca menkeu purbaya yudhi sadewa konfirmasi ada efisiensi lanjutan buat program makan bergizi gratis dari rpt → rpt sekarang bakal dipotong lagi di bawah rpt potensi penghematan sampe rpt atau bahkan lebih yang bikin,12
137,zulkifli hasan mendorong sppg berbelanja bahan pangan di kopdes agar program makan bergizi gratis ikut menggerakkan ekonomi desa,7
138,zulkifli hasan mendorong agar kebutuhan program makan bergizi gratis diprioritaskan berasal dari koperasi desa sehingga ekonomi desa semakin tumbuh masyarakat lokal semakin sejahtera,26
139,program makan bergizi gratis di jambi serap bahan pangan lokal untuk perkuat gizi anak amp ekonomi desa,26
140,program makan bergizi gratis di jambi serap bahan pangan lokal untuk perkuat gizi anak amp ekonomi desa,8
141,kawan pajak tahukah kamu kalau program makan bergizi gratis mbg juga berkontribusi terhadap penerimaan pajak,8
142,bersama mewujudkan generasi yang sehat kuat dan berprestasi melalui program makan bergizi gratis sebagai bekal menuju indonesia emas,26
143,anakanak yang sehat dan bergizi adalah harapan bangsa mari dukung program makan bergizi gratis demi masa depan indonesia yang lebih baik,9
144,makan bergizi gratis bukan sekadar program bantuan tetapi langkah strategis untuk mendukung tumbuh kembang anakanak indonesia secara optimal,9
145,program makan bergizi gratis menjadi investasi nyata untuk mencetak generasi indonesia yang sehat cerdas dan siap menyongsong masa depan,29
146,makan bergizi gratis membawa keceriaan dan kesehatan bagi generasi penerus kita dengan kesehatan yang terjaga dan fokus belajar yang lebih baik mereka siap menyongsong masa depan yang cerah program ini adalah investasi jangka panjang dengan dampak nasional mbg yang luar biasa,22
147,makan bergizi gratis membawa keceriaan dan kesehatan bagi generasi penerus kita dengan kesehatan yang terjaga dan fokus belajar yang lebih baik mereka siap menyongsong masa depan yang cerah program ini adalah investasi jangka panjang dengan dampak nasional mbg yang luar biasa,31
148,termasuk ketahanan pangan makan bergizi gratis dan koperasi desa merah putih kepala ksp menegaskan dukungan penuhnya dan akan melaporkan hasil pertemuan ini langsung kepada presiden ri,21
149,antusiasme warga sulawesi selatan mendukung program makan bergizi gratis memperlihatkan betapa pentingnya pemenuhan gizi anak sekolah program ini sangat krusial dalam mencetak generasi penerus yang cerdas secara intelektual dan kuat secara fisik,25
150,sulawesi selatan siap menjadi pelopor kesuksesan makan bergizi gratis dengan asupan makanan sehat secara rutin anakanak sekolah kita akan lebih fokus belajar dan siap mengukir prestasi terbaik,9
151,langkah strategis demi memutus rantai masalah gizi buruk apresiasi setinggitingginya untuk program makan bergizi gratis yang didukung penuh secara nyata oleh masyarakat sulawesi selatan,1
152,makan sehat tidak harus mahal dan sulit diakses program makan bergizi gratis membuktikannya dengan memberikan hidangan bernutrisi langsung ke sekolahsekolah di sulsel mari kawal bareng agar tepat sasaran,23
153,makan bergizi gratis bukan sekadar program makanmakan biasa ini adalah langkah nyata pemerintah dalam menekan angka stunting dan meningkatkan kualitas sdm indonesia ketika anakanak sehat bangsa ini akan tumbuh menjadi kekuatan besar di dunia,21
154,dukungan tanpa ragu dari sulawesi selatan untuk masa depan anak indonesia lewat program makan bergizi gratis kita bangun pertahanan kesehatan nasional sejak dini mulai dari piring makan anakanak kita,15
155,ya kan emang udah dikasih tau kalo mereka salah satu penyebabnya pemerintah aja yg ngeyel lagian mau bikin program makan bergizi gratis gak punya supply chain bahan baku makanan dan distribusi yg memadai asal jadi terserah dia aja dipikirnya kayak katering nikahan,28
156,fasilitas buat karyawan super lengkap perumahanbarak yang nyaman rumah sakit modern sekolah internasional fasilitas olahraga gym lapangan bola bahkan lapangan golf makan gratis di mess dengan menu bergizi tinggi,23
157,generasi sehat adalah fondasi indonesia yang maju program makan bergizi gratis layak mendapat dukungan karena membantu memastikan anakanak memperoleh asupan yang berkualitas sekaligus menjadi upaya bersama dalam menciptakan masa depan yang lebih baik bagi bangsa,27
158,generasi sehat adalah fondasi indonesia yang maju program makan bergizi gratis layak mendapat dukungan karena membantu memastikan anakanak memperoleh asupan yang berkualitas sekaligus menjadi upaya bersama dalam menciptakan masa depan yang lebih baik bagi bangsa,17
159,generasi sehat adalah fondasi indonesia yang maju program makan bergizi gratis layak mendapat dukungan karena membantu memastikan anakanak memperoleh asupan yang berkualitas sekaligus menjadi upaya bersama dalam menciptakan masa depan yang lebih baik bagi bangsa,29
160,bukan tumpang tindih tapi saling melengkapi sinergi kejagung dan kpk dalam mengusut tuntas tata kelola program makan bergizi gratis mbg memastikan hak anakanak terlindungi ​,24
161,generasi sehat adalah fondasi indonesia yang maju program makan bergizi gratis layak mendapat dukungan karena membantu memastikan anakanak memperoleh asupan yang berkualitas sekaligus menjadi upaya bersama dalam menciptakan masa depan yang lebih baik bagi bangsa,22
162,pastikan aman pastikan berkualitas komitmen polres ppu dalam mendukung program makan bergizi gratis mbg diwujudkan melalui pengawasan food safety secara berkala di sppg kemala bhayangkari,28
163,rakyat bergerak mendukung keberlanjutan program makan bergizi gratis mbgdemi pemenuhan gizi anakanak indonesia,30
164,demo dukung mbg di brebes bupati bakal sampaikan ke prabowo demontrasi damai mendukung program pemerintah khususnya program makan bergizi gratis mbg dilakukan warga di sejumlah daerah di kabupaten brebes jawa tengah hal yang sama juga terjadi senin sore bahkan,24
165,lalu apa yang prabowo lakukan januari inpres no terbit target efisiensi anggaran rp triliun yang pertama dipotong → kesehatan rp triliun dari total pagu → pendidikan dasar amp menengah rp triliun → pekerjaan umum rp triliun dana,24
166,program makan bergizi gratis dikelola secara efisien dan tepat sasaran demi memenuhi gizi anak untuk membangun generasi emas yang sehat dan cerdas,25
167,program makan bergizi gratis dikelola secara efisien dan tepat sasaran demi memenuhi gizi anak untuk membangun generasi emas yang sehat dan cerdas,5
168,ini program makan bergizi gratis apa membunuh secara gratis ya,26
169,baca di sini harga sejumlah bahan pokok di kulon progo mulai dari sayuran telur hingga daging ayam turun selama libur program makan bergizi gratis mbg sehingga daya beli warga meningkat dan penjualan pedagang di pasar wates ikut terdongkrak iq,15
170,projek makan bergizi gratis untuk pelajar sekolah pun gagal prabowo ni dia cekap bab berjoget atas pentas lepas habis pidato je lahhhhhh tak caya tanya orang indonesia guys…,34
171,program makan bergizi gratis mbg menjadi sorotan di tengah berbagai kritik yang muncul mengapa pemerintah dinilai begitu defensif terhadap program ini apa yang sebenarnya terjadi di balik kebijakan andalan tersebut simak pembahasannya hanya di youtube hyprbuzz,11
172,program makan bergizi gratis merupakan wujud nyata kepedulian pemerintah terhadap masa depan anak bangsa,11
173,bgn mengoptimalkan program makan bergizi gratis melalui efisiensi ketepatan sasaran dan akuntabilitas demi manfaat maksimal bagi anak indonesia,26
174,kalo mbg yg dimaksud mau belajar guys baru percaya tp kalo mbg makan bergizi gratis kaga ngaruh kaga bikin pinter cuma ngaruh diperut dan pemilik sppg,28
175,kepala bakom ri m qodari menyebut pelaksanaan makan bergizi gratis mbg di daerah tertinggal terdepan dan terluar atau t membutuhkan skema tersendiri nonton episode beresberes mbg di,32
176,badan gizi nasional bgn berkomitmen menyisir kembali anggaran operasional serta pengadaan barang dan jasa yang dinilai tidak berkaitan langsung dengan program makan bergizi gratis mbg nonton episode beresberes mbg di,28
177,ksp dudung abdurachman meluruskan bahwa adanya perbaikan tata kelola bukan berarti mengurangi komitmen pemerintah dalam menjalankan program makan bergizi gratis mbg pembenahan administrasi ini justru krusial demi memastikan pelaksanaan program berjalan lebih transparan,24
178,kepala bakom ri m qodari menjelaskan program makan bergizi gratis mbg sejak awal dirancang bersifat universal karena kondisi sosial ekonomi siswa dalam satu sekolah sangat beragam nonton episode beresberes mbg di,16
179,kepala staf kepresidenan dudung abdurachman menegaskan bahwa pemerintah tetap berkomitmen penuh terhadap program makan bergizi gratis mbg langkah pembenahan tata kelola yang tengah berjalan saat ini dilakukan agar program strategis presiden tersebut semakin akuntabel,13
180,jangan pula korupsi di bungkus dg dalih bansos kopdes mp makan bergizi gratis karena sejatinyakritik itu lahir dr ketidakmampuan pejabat dlm mengolah otak nya dan pribadi nya yg tdk mau intropeksi baik dlm kapasitas sbg pejabatpribadi,25
181,pemkab kudus terus memperkuat pelaksanaan program makan bergizi gratis mbg melalui rapat evaluasi yang dipimpin wakil bupati kudus bellinda birton selaku ketua satuan tugas percepatan dan penanganan program mbg kabupaten kudus di pendapa kabupaten kudus senin m,25
182,opini boleh berbeda tetapi semangat membangun indonesia harus tetap menjadi tujuan bersama di tengah berbagai dinamika dan penolakan dari sebagian kelompok dukungan masyarakat terhadap program makan bergizi gratis mbg terus mengalir dari berbagai daerah,24
183,sultan bachtiar najamudin ketua dewan perwakilan daerah dpd ri dia yang mengusulkan agar rakyat khususnya yang mampu ikut menyumbang atau memberikan sumbangan sukarela termasuk lewat zakat infak sedekah untuk mendukung program makan bergizi gratis mbg,24
184,kejaksaan agung kejagung menetapkan eks kepala badan gizi nasional dadan hindayana sebagai tersangka kasus korupsi penyimpangan tata kelola program makan bergizi gratis mbg,12
185,terimakasih riza ‍♀️✨ ini adalah bukti kalau masyarakat perlu pendidikan daripada sekedar makan gratis bergizi aja benerbener definisi berguna amp bermanfaat bagi lingkungan its my dream too lt ‍♀️✨,24
186,bem universitas indonesia bersama sejumlah elemen masyarakat sipil menggelar aksi damai bertajuk solidarity campaign di kawasan car free day bundaran hi jakarta pada minggu dalam aksi tersebut peserta menyampaikan berbagai aspirasi kepada pemerintah di antaranya,32
187,kawan pajak tahukah kamu kalau program makan bergizi gratis mbg juga berkontribusi terhadap penerimaan pajak agar pelaksanaannya berjalan lancar transparan dan akuntabel setiap pihak yang menjalankan kegiatan usaha dalam ekosistem mbg,29
188,ribuan warga di sidoarjo menggelar aksi dukungan terhadap program makan bergizi gratis mbg massa juga menyerukan lanjutkan mbg dan prabowo periode,24
189,aksi damai warga sidoarjo dukung program makan bergizi gratis,21
190,makan bergizi gyeonggi jika kita melakukan pencarian di youtube dengan kata kunci ‘korean school lunch’ maka akan ada ratusan hingga ribuan video yang memperkenalkan makan siang di sekolah korea kschool meal dikenal karena proses pengolahannya yang langsung ramah,21
191,mbg makan bergizi gratis dr om abi,30
192,ini bukan tuduhan berlebihan ketika militer mulai masuk ke ruang ekonomi desa program makan bergizi gratis hingga rekrutmen pegawai sipil — polanya layak dibaca sebagai kecenderungan yang sistemik bukan serangkaian insiden yang kebetulan terjadi bersamaan,15
193,tni dan polri tak hanya terlibat dalam pengamanan tetapi juga memegang peran dalam pelaksanaan program makan bergizi gratis mbg mulai dari posisi di badan gizi nasional bgn hingga pengelolaan ratusan satuan pelayanan pemenuhan gizi sppg apa dampaknya bagi pelaksanaan,16
194,program makan bergizi gratis mbg lagi jadi sorotan seorang ekonom mengusulkan anggaran mbg tahun nggak cuma dipotong rp triliun tapi sampai rp triliun dari total pagu rp triliun,25
195,kawan pajak tahukah kamu kalau program makan bergizi gratis mbg juga berkontribusi terhadap penerimaan pajak,31
196,ketua umum pkb muhaimin iskandar cak imin menyatakan kesiapannya jika ditugaskan mengurus badan gizi nasional bgn atau program makan bergizi gratis mbg menurutnya persoalan tersebut bisa diselesaikan hanya dalam waktu dua hari karena perhitungannya dinilai sangat,30
197,presiden mengungkapkan bahwa banyak negara kini ingin belajar dari indonesia terkait pelaksanaan program makan bergizi gratis mbg hal ini dikarenakan program mbg yang dijalankan indonesia dinilai memiliki keunggulan dan keunikan tersendiri bahkan jika dibandingkan dengan,31
198,senyum dan semangat anakanak sd menjadi dukungan nyata bagi program makan bergizi gratis,29
199,sekitar seribu warga yang tergabung dalam forum komunikasi mbg sidoarjo bersatu menggelar aksi damai di depan pendopo delta wibawa kabupaten sidoarjo jawa timur pada senin massa aksi yang terdiri dari elemen petani nelayan pedagang pasar pemasok hingga,26
200,dari desadesa di pegunungan papua hingga pelosok nusa tenggara makan bergizi gratis telah menjadi bukti nyata kehadiran negara untuk anakanak bangsa,31
201,bagi anakanak di daerah terpencil program makan bergizi gratis bukan sekadar makanan — tapi harapan,16
202,mbg makan bergizi gratis atau makan bergizi golongan tertentu politisi ini jujur mereka yang lapar bukan rakyat yang kesulitan pahit tapi nyata,11
203,sosialisasi program makan bergizi gratis mbg kepada kelompok b yaitu ibu hamil ibu menyusui dan balita menjadi langkah penting untuk meningkatkan pemahaman tentang pentingnya asupan gizi sejak awal kehidupan generasi sehat dimulai dari ibu yang sehat,26
204,kolaborasi dapur makan bergizi gratis mbg dengan umkm lokal menjadi langkah nyata memperkuat rantai pasok pangan nasional bahan baku dari petani peternak nelayan dan pelaku umkm dapat terserap sekaligus menghadirkan manfaat ekonomi bagi masyarakat,27
205,ribuan massa di probolinggo dukung program makan bergizi gratis tetap berjalan,30
206,program makan bergizi gratis mbg adalah contoh nyata bagaimana program pemerintah dapat memberikan manfaat yang luas bagi masyarakat mulai dari peningkatan gizi hingga pemberdayaan ekonomi,27
207,fraksi partai gerindra mendengarkan seluruh aspirasi masyarakat terhadap program makan bergizi gratis mbg baik yang memberikan dukungan maupun kritik kami mendukung pembenahan tata kelola agar pelaksanaan mbg semakin tepat sasaran transparan dan akuntabel,23
208,evaluasi rutin terhadap program makan bergizi gratis mbg adalah langkah yang tepat untuk mengidentifikasi tantangan dan perbaikan dengan tata kelola yang baik program ini diharapkan dapat terus berjalan dengan lancar dan memberikan manfaat yang berkelanjutan bagi masyarakat,23
209,melihat senyum bahagia para siswa saat menerima makan bergizi gratis mbg adalah motivasi terbesar kami semoga program ini terus memberikan manfaat bagi tumbuh kembang dan masa depan anakanak indonesia,34
210,program makan bergizi gratis terus disempurnakan agar manfaatnya semakin tepat sasaran mendukung terwujudnya generasi indonesia yang lebih sehat cerdas dan berkualitas,27
211,suasana hangat dan penuh kebersamaan saat tim sppg berinteraksi dengan warga kelurahan sangkrah dalam program makan bergizi gratis mbg kami berharap program ini dapat terus mempererat tali silaturahmi dan memberikan dampak positif bagi kesehatan masyarakat,27
212,program makan bergizi gratis memberikan dampak positif bagi perekonomian nasional terutama bagi para petani nelayan dan pelaku umkm dengan melibatkan berbagai pihak program ini dapat membantu meningkatkan kesejahteraan masyarakat dan memperkuat ketahanan pangan nasional,11
213,kolaborasi antara berbagai pihak mulai dari posyandu hingga puskesmas menjadi kekuatan utama dalam pelaksanaan program makan bergizi gratis mbg dengan bersinergi kita dapat menciptakan ekosistem yang lebih baik untuk meningkatkan kesehatan dan gizi masyarakat,31
214,transparansi dan akuntabilitas adalah kunci keberhasilan program makan bergizi gratis mbg pemerintah terus berupaya memastikan anggaran yang digunakan tepat sasaran dan memberikan manfaat langsung bagi masyarakat mari kita dukung dan awasi bersama pelaksanaan program ini,22
215,berbagi keceriaan dan makan bergizi gratis mbg dengan ibuibu dan anakanak di kelurahan sangkrah semoga program ini dapat membantu meningkatkan kualitas kesehatan dan gizi masyarakat terutama bagi ibu hamil dan balita,28
216,tim sppg kartajaya padalarang bersiap untuk mendistribusikan makan bergizi gratis mbg ke sekolah kami berkomitmen untuk memastikan setiap siswa mendapatkan asupan gizi yang cukup untuk menunjang proses belajar mereka,22
217,bgn berencana menghemat rp triliun untuk anggaran makan bergizi gratis mbg tahun melalui langkah strategis termasuk evaluasi penerima dan sistem insentif,25
218,bgn tegas program makan bergizi gratis tetap jalan sesuai mandat presiden prabowo meski ada demo mahasiswa fokus utama perbaikan tata kelola amp larangan konflik kepentingan bagi pegawai,32
219,polemik implementasi program makan bergizi gratis mbg tampaknya kian membelah opini publik secara tajam,20
220,menteri keuangan menkeu purbaya yudhi sadewa mengambil langkah tegas demi mengamankan uang negara kementerian keuangan bakal membentuk tim khusus berskala nasional untuk mengawasi ketat penggunaan anggaran program makan bergizi gratis mbg di seluruh wilayah indonesia tim,22
221,program makan bergizi gratis sukses serap jutaan tenaga kerja lewat sinergi bareng petani nelayan umkm dan bumdes untuk perkuat rantai pasok pangan nasional yuk dukung terus ekonomi lokal kita,28
222,embege go internasional program makan bergizi gratis mbg kembali menjadi perhatian publik tidak hanya di dalam negeri tetapi juga di luar negeri media televisi korea selatan obs gyeongin tv menyoroti sejumlah insiden dugaan keracunan massal yang terjadi dalam pelaksanaan,30
223,purbaya bukabukaan soal nasib anggaran makan bergizi gratis nj,26
224,tim jurnalisme data harian kompas menemukan fakta ini dari olahan data siswa miskin dan kurang gizi dengan penerima manfaat program makan bergizi gratis mbg ada kabupatenkota yang ratarata melayani kali lipat dibandingkan dengan target prioritas siswa miskin dan,22
225,rencana kementerian keuangan untuk mengevaluasi penggunaan anggaran badan gizi nasional setiap dua bulan sekali menjadi langkah penting dalam memperkuat tata kelola program makan bergizi gratis kebijakan ini menunjukkan bahwa pemerintah tidak hanya fokus pada pelaksanaan program,26
226,menu makan bergizi gratis kini semakin digemari karena perpaduan rasa lezat dan nutrisi lengkap di dalamnya,7
227,kemenkeu pastikan anggaran program makan bergizi gratis mbg diawasi ketat setiap dua bulan sekali agar tepat sasaran bagi masyarakat,28
228,kolaborasi dapur mbg amp umkm memberdayakan umkm lokal melalui program makan bergizi gratis mbg untuk memperkuat ketahanan pangan nasional program ini melibatkan ribuan petani nelayan umkm dan bumdes menciptakan lapangan kerja amp menggerakkan ekonomi desa,29
229,pemerintah pastikan program makan bergizi gratis tepat sasaran amp transparan melalui kemenkeu anggaran akan diawasi secara berkala dengan evaluasi setiap dua bulan keadilan amp keakuratan menjadi prioritas utama,29
230,program makan bergizi gratis mbg adalah investasi strategis untuk memastikan asupan nutrisi anak terpenuhi berdasarkan hasil kajian nutrisi seimbang terbukti nyata memperkuat daya tahan tubuh mendorong fokus di kelas serta mendukung tumbuh kembang yang optimal,11
231,program makan bergizi gratis mbg adalah investasi strategis untuk memastikan asupan nutrisi anak terpenuhi berdasarkan hasil kajian nutrisi seimbang terbukti nyata memperkuat daya tahan tubuh mendorong fokus di kelas serta mendukung tumbuh kembang yang optimal,24
232,program makan bergizi gratis mbg makin mantap lewat tata kelola yang efisien ​efisiensi ini fokus memotong biaya operasional—bukan mengurangi porsi atau gizi makanan si kecil malah potensi penghematan apbn bisa mencapai rp triliun lho ​ ​,30
233,antrean tertib siswa saat menerima makan bergizi gratis menjadi pemandangan rutin yang penuh semangat di berbagai sekolah dasar,12
234,dengan gizi yang cukup melalui makan bergizi gratis siswa memiliki energi lebih untuk mengikuti kegiatan ekstrakurikuler,23
235,makan bergizi gratis adalah langkah pasti menuju masa depan yang lebih cerah bagi setiap anak indonesia,30
236,kabar gembira bagi para petani buah implementasi program makan bergizi gratis kini menjadi penggerak ekonomi baru di sektor pertanian dampak positifnya nyata dirasakan langsung oleh para petani di daerah,29
237,mbg go international lagi kali ini lewat korupsi pengadaan motor listrik sama tvdari program makan bergizi gratis sekarang malah bikin pejabatnya ikut bergizi di tahanan prestasi juga,15
238,efisiensi yang tepat membuat program makan bergizi gratis semakin efektif transparan dan tepat sasaran untuk mendukung generasi sehat indonesia,17
239,efisiensi yang tepat membuat program makan bergizi gratis semakin efektif transparan dan tepat sasaran untuk mendukung generasi sehat indonesia,11
240,efisiensi yang tepat membuat program makan bergizi gratis semakin efektif transparan dan tepat sasaran untuk mendukung generasi sehat indonesia,11
241,langkah konkret demi transparansi kemenkeu berencana mengevaluasi anggaran bgn setiap dua bulan sekali langkah ini diambil untuk memastikan program makan bergizi gratis mbg berjalan dengan tata kelola yang kuat dan anggarannya benarbenar tepat sasaran bagi masyarakat,17
242,kementerian keuangan republik indonesia memiliki rencana untuk mengevaluasi penggunaan anggaran bgn setiap bulan sekali sebagai upaya untuk memperkuat tata kelola program makan bergizi gratis agar terwujud pelaksanaan yang semakin baik dan berkualitas sesuai tujuannya,15
243,program makan bergizi gratis mbg di wilayah kelurahan sangkrah kecamatan surakarta secara berkala disosialisasikan dan dievaluasi langsung oleh pemerintah kelurahan beserta instansi terkait,15
244,bisa menabung menghemat uang jajan serta bisa mencoba dan merasakan berbagai macam menu yang belum pernah dicoba sebelumnya adalah beberapa manfaat dari adanya program makan bergizi gratis yang dirasakan oleh anak anak sekolah penerima manfaat mbg,17
245,program makan bergizi gratis tetap berjalan maksimal pemerintah melakukan efisiensi pengelolaan anggaran agar lebih tepat sasaran tanpa mengurangi manfaat bagi masyarakat luas,11
246,dpr ri mendukung penuh empat langkah efisiensi badan gizi nasional agar program makan bergizi gratis semakin akuntabel dan memberikan manfaat besar bagi anak negeri,16
247,badan gizi nasional lakukan efisiensi program makan bergizi gratis melalui jurus jitu guna menghemat anggaran apbn hingga rp triliun,11
248,ga sengaja foto eh ada “makan bergizi hak anak indonesia” ini makan bergizi aja kan bukan makan bergizi gratis alias mbg,10
249,dukung program makan bergizi gratis mbg untuk anak sekolah amp ibu hamil gizi baik hari ini generasi emas ayo kawal barengbareng ✨,19
250,belakangan ini banyak isu beredar kalau efisiensi program makan bergizi gratis mbg bakal bikin porsi makan anakanak berkurang atau gizinya dipotong,14
251,pemerintah berkomitmen penuh menjaga kualitas program makan bergizi gratis mbg tetap maksimal,29
252,dpr ri setujui langkah efisiensi program makan bergizi gratis mbg langkah ini sukses menghemat anggaran negara hingga rp triliun ​,27
253,dpr dukung program makan bergizi gratis lewat efisiensi yang lebih akuntabel dan tepat sasaran,14
254,dukung program makan bergizi gratis untuk kebaikan generasi muda,19
255,makan bergizi gratis untuk generasi emas indonesia,25
256,makan bergizi gratis solusi untuk anak lebih sehat fokus dan cerdas mari wujudkan generasi indonesia yang unggul bersama,8
257,nutrisi terpenuhi prestasi menanti mari kita kawal dan dukung bersama program makan bergizi gratis untuk melihat lebih banyak anak indonesia berprestasi,7
258,nutrisi terpenuhi prestasi menanti mari kita kawal dan dukung bersama program makan bergizi gratis untuk melihat lebih banyak anak indonesia berprestasi,28
259,makan bergizi gratis penuhi gizi anak setiap hari demi wujudkan generasi emas indonesia yang hebat,19
260,anak sehat dan cerdas adalah kunci masa depan bangsa mari penuhi gizi lewat makan bergizi gratis,17
261,distribusi makan bergizi gratis di sekolah dikawal pemenuhan gizi pelajar jadi perhatian bersama bhabinkamtibmas kelurahan sunyaragi melaksanakan monitoring pendistribusian makanan bergizi gratis mbg dari sppg kesambi drajat yayasan kemala bhayangkari menuju smkn cirebon,24
262,kaya makanan mbg bergizi aja pak wkwkk lalu “dikasih makan gratis melahirkan generasi baru yg lebih baik” utopis sekali kalau mau cetak generasi yg lebih baik perbaiki kualitas pendidikan ratakan program sekolah gratis di indonesia bukan malah dipotong budget pendidikan,23
263,begini jawaban nya adek adek saat di tanyakan apa manfaat dari makan bergizi gratis ternyata banyak yah bisa menabung dan menghemat uang jajan lanjutkan mbg,21
264,program makan bergizi gratis menjadi langkah nyata untuk membantu memenuhi kebutuhan gizi anakanak indonesia dengan asupan yang baik generasi muda memiliki kesempatan lebih besar untuk tumbuh sehat belajar optimal dan mengembangkan potensinya,21
265,program makan bergizi gratis menjadi langkah nyata untuk membantu memenuhi kebutuhan gizi anakanak indonesia dengan asupan yang baik generasi muda memiliki kesempatan lebih besar untuk tumbuh sehat belajar optimal dan mengembangkan potensinya,23
266,program makan bergizi gratis menjadi langkah nyata untuk membantu memenuhi kebutuhan gizi anakanak indonesia dengan asupan yang baik generasi muda memiliki kesempatan lebih besar untuk tumbuh sehat belajar optimal dan mengembangkan potensinya,25
267,program makan bergizi gratis menjadi langkah nyata untuk membantu memenuhi kebutuhan gizi anakanak indonesia dengan asupan yang baik generasi muda memiliki kesempatan lebih besar untuk tumbuh sehat belajar optimal dan mengembangkan potensinya,25
268,dukung program makan bergizi gratis di papua barat daya,25
269,dukung bersama program makan bergizi gratis,28
270,dukung bersama program makan bergizi gratis,24
271,kan emang bener presiden yang gila itu takut sama orang pinter makanya program dia makan bergizi gratis biar pemuda generasi berikutnya bodoh,26
272,program makan bergizi gratis mbg hadir untuk mendukung generasi sehat dan mendorong pertumbuhan ekonomi,26
273,program makan bergizi gratis mbg hadir untuk mendukung generasi sehat dan mendorong pertumbuhan ekonomi,27
274,program makan bergizi gratis mbg hadir untuk mendukung generasi sehat dan mendorong pertumbuhan ekonomi,15
275,distribusi dan sosialisasi program makan bergizi gratis mbg untuk kelompok b terus diperluas kali ini giliran ibu hamil ibu menyusui dan balita di kelurahan sangkrah kota surakarta jawa tengah yang mendapatkan edukasi sekaligus manfaat program investasi terbaik bangsa,24
276,dukung program makan bergizi gratis di papua barat daya,27
277,dukung program makan bergizi gratis di papua barat daya,24
278,investasi dalam program makan bergizi gratis mbg adalah langkah cerdas untuk menciptakan generasi sehat dan produktif mendukung masa depan bangsa yang lebih gemilang,24
279,program makan bergizi gratis adalah langkah cerdas investasi untuk generasi mendatang mari kita dukung inisiatif ini demi masa depan yang lebih sehat dan berdaya saing,18
280,program makan bergizi gratis mbg bukan hanya investasi untuk meningkatkan kualitas gizi generasi penerus tetapi juga menjadi penggerak roda perekonomian,10
281,anggaran program makan bergizi gratis mbg dipastikan mengalami pemangkasan sejalan dengan upaya perbaikan tata kelola yang diperintahkan presiden prabowo subianto badan gizi nasional bgn disebut telah memiliki angka final anggaran yang bakal dihemat…,8
282,jangan gampang kemakan isu hoax yang bilang makan bergizi gratis mbg itu cuma buangbuang anggaran faktanya program ini justru hadir langsung buat mencukupi gizi anakanak kita bikin mereka lebih fokus belajar di sekolah,21
283,menteri koordinator bidang pangan zulkifli hasan menegaskan bahwa pemerintah saat ini tengah memfokuskan pembenahan internal pada program makan bergizi gratis mbg langkah strategis tersebut diambil menyusul adanya perombakan pada jajaran pimpinan badan gizi nasional bgn,21
284,anggota komisi xiii dpr ri sugiat santoso menilai lembaga perlindungan saksi dan korban lpsk tidak seharusnya memberikan perlindungan kepada tersangka korupsi tanpa dasar yang kuat pernyataan itu disampaikan setelah kejaksaan agung menolak permohonan justice collaborator,21
285,apresiasi presiden ri jenderal tni purn h prabowo subianto terhadap pelaksanaan program makan bergizi gratis mbg,30
286,program makan bergizi gratis mbg adalah program prioritas pemerintah dengan tujuan baik yaitu memperbaiki status gizi anak mengurangi stunting dan meningkatkan kualitas sumber daya manusia indonesia secara umum program ini sudah berjalan cukup masif per mei,28
287,menutup first half of dengan bagi makan siang bergizi dan kopi gratis bareng komunitas remote worker workfriendscoffee untuk teman ojol dan umkm di jogja terima kasih jogja yang infrastruktur dan warganya begitu ramah untuk para pekerja remote semoga second half of,36
288,iyaa kita usahakan makan bergizi meski gak gratis ituh,24
289,makan bergizi gratis,14
290,dalam program makan bergizi gratis mbg efisiensi dilakukan dengan memperbaiki tata kelola distribusi dan pengadaan tanpa mengurangi standar kualitas maupun nilai gizi makanan yang diterima para penerima manfaat,23
291,program makan bergizi gratis mbg terus diperkuat agar manfaatnya semakin tepat sasaran,26
292,efisiensi mbg gizi tetap terjaga efisiensi bukan berarti mengurangi kualitas dalam program makan bergizi gratis mbg porsi dan mutu makanan tetap menjadi prioritas agar kebutuhan gizi peserta didik tetap terpenuhi,10
293,demi viral program bobrok malah dijadikan brand mbg makan bergizi gratis ❌ mbg makan banyak gess ✅ scig recehdivis,22
294,just out badan eksekutif mahasiswa universitas indonesia bersama aliansi mahasiswa menggelar aksi mimbar rakyat di car free day bundaran hi jakarta pada minggu juni mereka memanfaatkan keramaian hari ulang tahun ke jakarta untuk mengajak masyarakat berdialog,21
295,tv korsel soroti program makan bergizi gratis yang berujung keracunan massal pengawasan lemah manajemen amburadul anggaran melayang,34
296,klarifikasi hoax fabricated content salah mk dan dpr resmi hentikan mbg beredar unggahan foto arsip dari akun facebook “cak min” pada jumat isinya berupa informasi tentang mk dan dpr resmi hentikan mbg cek fakta faktanya setelah di telusuri dan menelusuri,21
297,makan bergizi gratis mbg itu sangat baik coba klo generasianak² kurang gizi kasihan pakgizi itu sama saja dg vitaminklo kurang vitamin atau gizi generasi kita mau jadi apa,31
298,pengajuan ini dilakukan dalam perkara gugatan uji materiil undangundang anggaran pendapatan dan belanja negara apbn yang berkaitan dengan proyek makan bergizi gratis mbg,33
299,oleh kejaksaan agung kejagung beliau ditahan atas dugaan kasus korupsi penyelewengan dana program makan bergizi gratis mbg yang seharusnya dialokasikan penuh untuk pemenuhan gizi masyarakat dan pengentasan stunting kasus penyalahgunaan wewenang ini tentu memicu kekecewaan,29
300,,36
301,program satu keluarga satu sarjana udah oke banget tp ada yg milih makan bergizi gratis,12
302,dpr ri menyepakati jurus efisiensi program makan bergizi gratis mbg oleh bgn menghemat anggaran negara hingga rp triliun,14
303,program makan bergizi gratis mbg dioptimalkan lewat efisiensi sistem demi menghemat anggaran negara tanpa mengurangi kualitas,11
304,menurut gue ini adalah standar makan bergizi nasi ayam tahu tempe dan lalapan syukursyukur ada telur terlebih lagi syukursyukur kalau gratis,13
305,dpr ri sepakati jurus efisiensi program makan bergizi gratis mbg dari badan gizi nasional berhasil menghemat anggaran negara hingga rp triliun langkah tepat sasaran,27
306,motor listrik buat makan bergizi gratis nganggur di gudang cikarang kena kasus korupsi kejagung anak sekolah masih nunggu makanan ini udah guys,23
307,kepala badan komunikasi pemerintah mengumumkan perbaikan tata kelola program makan bergizi gratis mbg dengan memprioritaskan kelompok b ibu hamil menyusui balita amp wilayah t demi intervensi hulu penekanan angka stunting,27
308,gw ikut krn makan bergizi gratis,27
309,tweet bgn menyiapkan empat langkah efisiensi dalam program makan bergizi gratis mbg dengan sejumlah penyesuaian anggaran diproyeksikan berpotensi menghemat apbn hingga sekitar rp triliun,23
310,kolombia memiliki program yang mirip dengan makan bergizi gratis mbg bernama programa de alimentación escolar pae dan itu telah berjalan selama puluhan tahun,11
311,just in luhut ungkap belanja mbg rp t belum banyak netes ke petani amp peternak ketua dewan ekonomi nasional luhut binsar pandjaitan menyampaikan bahwa potensi ekonomi program makan bergizi gratis yang diperkirakan lebih dari rp triliun per tahun belum sepenuhnya,11
312,bongkar pemborosan program makan bergizi gratis mbg diprediksi hemat rp triliun lewat jurus hemat bgn demi anggaran lebih efektif bagi anakanak,24
313,tumbuhkan ekonomi desa lewat mbg ini strategi jateng program makan bergizi gratis mbg di jawa tengah tidak hanya berfokus pada pemenuhan gizi masyarakat tetapi juga menjadi strategi untuk menggerakkan roda ekonomi desa,22
314,pemerintah terus memperkuat program pembangunan yang menyentuh langsung kebutuhan masyarakat salah satu fokus utama adalah pembenahan pelaksanaan makan bergizi gratis mbg agar berjalan lebih efektif tepat sasaran dan memberikan manfaat maksimal bagi penerima,26
315,pemerintah siapkan skema khusus mbg untuk wilayah t pemerintah terus memperluas pelaksanaan program makan bergizi gratis mbg agar menjangkau seluruh anak indonesia termasuk di wilayah terdepan terluar dan tertinggal t,27
316,pemerintah sedang menyiapkan skema khusus program makan bergizi gratis mbg untuk wilayah t langkah ini diambil agar layanan pemenuhan gizi dapat menjangkau masyarakat di daerah dengan karakteristik geografis dan kepadatan penduduk yang berbeda dari wilayah perkotaan,27
317,strategi jateng dalam program makan bergizi gratis adalah memperkuat sektor hulu ke hilir bumdes didorong tidak hanya jadi pemasok bahan baku tapi juga pengelola sppg agar nilai tambah perputaran ekonomi langsung dirasakan masyarakat desa,27
318,langkah tegas diambil presiden dengan merombak manajemen makan bergizi gratis bersama menko pangan pemerintah memperkuat peran koperasi desa merah putih sebagai jalur utama distribusi pangan yang aman bagi masyarakat luas,28
319,kebijakan makan bergizi gratis kini difokuskan kembali untuk kelompok b dan wilayah t pendekatan khusus ini diambil karena karakteristik kepadatan penduduk yang berbeda guna memastikan seluruh masyarakat mendapatkan hak gizi seimbang,19
320,pemerintah menyiapkan skema makan bergizi gratis mbg khusus untuk wilayah terdepan terluar tertinggal t guna memastikan pemenuhan gizi yang merata dan menjangkau masyarakat pelosok,20
321,warga jateng harus tau nih ekonomi desa bisa tumbuhan melalui ekosistem makan bergizi gratis,8
322,ekonomi desa bergerak lewat ekosistem makan bergizi gratis mbg strategi pemprov jateng dorong bumdes dan kdmp serap hasil panen petani peternak hingga nelayan lokal rantai pasok aman perputaran ekonomi mandiri masyarakat pun makin sejahtera,8
323,jawa tengah optimalkan bumdes dalam ekosistem makan bergizi gratis mbg untuk dongkrak ekonomi desa dan serap hasil pangan lokal,11
324,geografi boleh berbeda tapi hak gizi anak bangsa tetap sama pemerintah siapkan skema khusus makan bergizi gratis mbg untuk wilayah t agar distribusi lebih efektif dan tepat sasaran jarak bukan halangan demi generasi sehat,26
325,pemerintah siapkan skema khusus makan bergizi gratis mbg untuk pastikan pemenuhan gizi masyarakat di wilayah t dapat terjangkau secara merata dan efektif,27
326,efisiensi program makan bergizi gratis mbg oleh bgn terus didukung demi memastikan gizi anak bangsa terpenuhi secara merata dan tepat sasaran,24
327,program makan bergizi gratis bukan cuma soal gizi anak sekolah tapi juga tentang menghidupkan ekonomi petani lokal senang sekali mendengar petani di ntt bisa tersenyum lebar karena hasil panen buncis mereka terserap optimal mari terus dukung produk lokal ✊,17
328,dpr menyetujui empat langkah efisiensi bgn dalam pelaksanaan program makan bergizi gratis untuk mendukung tata kelola dan efektivitas program,8
329,mbg makan bergizi gratis,8
330,mbg makan bergizi gratis,12
331,pemerintah makin serius benahi program makan bergizi gratis targetnya ribu koperasi desa merah putih bakal siap dukung distribusi makanan sehat ini di akhir semoga makin lancar dan tepat sasaran,16
332,biar semua anak di pelosok dapat gizi seimbang pemerintah siapin skema khusus makan bergizi gratis mbg buat wilayah t mantap banget keadilan gizi memang harus merata sampai ke ujung indonesia ✨,11
333,langkah keren dari pemprov jateng mengoptimalkan peran bumdes dan kdmp dalam rantai pasok makan bergizi gratis mbg terbukti bisa menggerakkan ekonomi desa dari hulu ke hilir petani peternak dan nelayan lokal jadi makin berdaya,23
334,program makan bergizi gratis terus disempurnakan pemerintah kini menyiapkan skema khusus bagi wilayah t karena tantangan di daerah terpencil tentu berbeda dengan wilayah perkotaan kebijakan yang adaptif akan membuat manfaat mbg lebih tepat sasaran,27
335,pemerintah menyiapkan skema khusus makan bergizi gratis mbg untuk wilayah t demi menjangkau daerah dengan geografis menantang kebijakan ini diprioritaskan bagi kelompok b serta warga pelosok guna memastikan pemerataan pemenuhan gizi secara efektif dan tepat sasaran,28
336,den program makan bergizi gratis harus jadi penggerak ekonomi inklusif dan perkuat rantai pasok nasional,29
337,pemprov jateng mendorong optimalisasi peran bumdes dan kdmp dalam menjaga rantai pasok program makan bergizi gratis mbg mulai dari menyerap hasil tani ternak dan nelayan hingga mengelola sppg demi memberikan nilai tambah langsung bagi masyarakat desa dari hulu ke hilir,31
338,pemerintah menyiapkan skema khusus makan bergizi gratis mbg untuk wilayah t demi mengatasi tantangan logistik dan memastikan distribusi pangan sehat merata ke pelosok negeri,11
339,crowdednya transum rupiah kemaren menandakan kalo kita lebih butuh pembangunan infrastruktur yang memadai dan menyentuh segala lapisan masyarakat bukan makan bergizi gratis,13
340,program makan bergizi gratis mbg terus diperluas untuk menjangkau lebih banyak siswa di berbagai daerah memastikan kebutuhan gizi anak terpenuhi sejak dini,32
341,senyum bahagia para siswa saat menyantap menu makan bergizi gratis menjadi motivasi utama bagi para pelaksana di lapangan,27
342,program makan bergizi gratis bukan sekadar bantuan makanan melainkan upaya membentuk generasi masa depan yang sehat,21
343,program makan bergizi gratis menciptakan lapangan kerja baru bagi warga lokal yang terlibat dalam dapur umum sekolah,21
344,pemerintah fokus melakukan pembenahan terhadap tata kelola pelaksanaan program makan bergizi gratis dan sebanyak ribu koperasi desa merah putih bisa beroperasi di akhir tahun pelaksanaan mbg dilakukan evaluasi menyeluruh untuk mewujudkan program mbg yg semakin baik,19
345,ada kebahagiaan yang tak tergambarkan ketika melihat anak anak sangat antusias dan bersemangat dengan adanya program makan bergizi gratis anak anak yang tumbuh sehat kuat dan cerdas adalah harapan terwujudnya masa depan sekaligus indonesia emas,23
346,sayuran pakcoy merupakan salah satu komponen sayuran hijau yang secara rutin diserap langsung dari petani lokal untuk kebutuhan menu program makan bergizi gratis mbg,28
347,beda wilayah beda strategi pemerintah bakal terapkan skema khusus makan bergizi gratis mbg untuk wilayah t langkah ini diambil agar program tetap efektif dan tepat sasaran menjangkau masyarakat di daerah dengan tantangan geografis khusus,16
348,anak anak sekolah sebagai penerima manfaat program makan bergizi gratis mengucapkan rasa terimakasih kepada bapak presiden prabowo sebagai penggagas program ini,28
349,gubernur jateng ahmad luthfi siap dongkrak ekonomi desa lewat ekosistem makan bergizi gratis mbg ​melalui optimalisasi bumdes amp kdmp rantai pasok pangan dari petani peternak hingga nelayan akan dikelola langsung oleh desa demi berikan nilai tambah bagi masyarakat,27
350,there is no such thing as a free lunch except mbg makan bergizi gratis,7
351,senang sekali mendengarnya semoga program makan bergizi gratis mbg ini selalu membawa manfaat keceriaan dan pemenuhan gizi yang baik untuk mendukung tumbuh kembang serta semangat belajar anakanak,32
352,memang benar program makan bergizi gratis mbg yang digagas oleh presiden prabowo subianto memberikan dampak ekonomi yang sangat nyata bagi petani lokal,31
353,pemerintah fokus membenahi program makan bergizi gratis mbg lewat evaluasi total dan tindakan tegas terhadap pelanggaran untuk mendukung distribusi program ini menko pangan zulkifli hasan menargetkan ribu koperasi desa merah putih beroperasi pada akhir,35
354,dampak program makan bergizi gratis mbg tidak hanya dirasakan siswa ibu hamil ibu menyusui dan balita tetapi juga para pekerja dapur yang terlibat langsung dalam operasional sppg,31
355,dampak program makan bergizi gratis mbg tidak hanya dirasakan siswa ibu hamil ibu menyusui dan balita tetapi juga para pekerja dapur yang terlibat langsung dalam operasional sppg,22
356,dalam aksi stop mbg di gedung badan gizi nasional pada oktober yang lalu ririn sefsani dari suara ibu indonesia menyatakan pengelolaan makanan bergizi untuk anak seharusnya berangkat dari pengetahuan lokal dan melibatkan keluarga komunitas serta sekolah bukan militer,29
357,kepala staf kepresidenan ksp dudung abdurachman menyatakan pemerintah terbuka berdialog dengan pihak yang menolak program makan bergizi gratis mbg untuk menampung berbagai masukan terkait pelaksanaannya,14
358,purbaya anggaran mbg akan dipangkas signifikan menteri keuangan menkeu purbaya yudhi sadewa memberi sinyal bahwa anggaran untuk program unggulan makan bergizi gratis mbg akan mengalami pemangkasan yang cukup signifikan meski demikian ia memastikan efisiensi,24
359,makan bergizi gratis di papua bukan sekedar program,33
360,anggaran makan bergizi gratis akan dipangkas dibawah rp triliun,25
361,makan bergizi gratis generasi berkualitas tinggi,20
362,dukung bersama program makan bergizi gratis,21
363,dukung bersama program makan bergizi gratis,27
364,komitmen evaluasi program makan bergizi gratis menjadi langkah strategis untuk memastikan setiap rupiah apbn semakin tepat sasaran meningkatkan kualitas pelayanan dan memperkuat dampak gizi,31
365,komitmen evaluasi program makan bergizi gratis menjadi langkah strategis untuk memastikan setiap rupiah apbn semakin tepat sasaran meningkatkan kualitas pelayanan dan memperkuat dampak gizi,24
366,komitmen evaluasi program makan bergizi gratis menjadi langkah strategis untuk memastikan setiap rupiah apbn semakin tepat sasaran meningkatkan kualitas pelayanan dan memperkuat dampak gizi,27
367,kabar baik dari jayapura program makan bergizi gratis bawa dampak nyata kabar baik datang dari jayapura papua program makan bergizi gratis mbg terbukti membawa dampak nyata bagi kesehatan masyarakat,18
368,kabar baik dari jayapura program makan bergizi gratis bawa dampak nyata kabar baik datang dari jayapura papua program makan bergizi gratis mbg terbukti membawa dampak nyata bagi kesehatan masyarakat,26
369,hemat rp t dpr amp bgn pastikan kualitas makan bergizi gratis gak berkurang setuju dgn efisiensi ini komen di bawah,10
370,suatu program licik yg di desain ada proyekpake apbnbisa disunat dananya utk modal mengeruk apbn dg mudah biar keliatan pro rakyat dan bertujuan mulia berkedok makan bergizi gratis pdhl yg ditrima anak tinggal seuprit,21
371,kamu kok hobi banget pamer kebodohan kalau begitu bubarkan saja perguruan tinggi tinggal kasih makan saja semua rakyat indonesia pakai makan yang katanya bergizi dan gratis itu padahal tidak bergizi dan tidak gratis awokawokawok,23
372,purbaya nilai anggaran makan bergizi gratis masih bisa dipangkas lebih dari rp triliun simak selengkapnya baca artikel lainnya di,16
373,kok ngga gratis kayak makan bergizi,6
374,wah ini tv taiwan pasti antek antek asing yang membenci program makan bergizi gratis,6
375,berit viral demo di depan gedung grahadi surabaya memanas massa lempar botol dan petasan surabaya – aksi demonstrasi bertajuk “warga surabaya turun ke jalan ” di depan gedung negara grahadi jumat juni berubah ricuh memasuki malam hari,6
376,ga usah lah itu ada makan bergizi gratis kalonya listrik yg bayar aja masih suka mati lampu,6
377,taun baru kayanya aku ngikut omku aja deh butuh mbg ges alias makan bergizi gratis duit abis wkwk biasanya ngumpul di tangerang sm keluarga yg lain tp lihat saja nanti siapatau diajak kemana gitu haha,26
378,program makan bergizi gratis mbg menjadi salah satu kebijakan yang paling banyak menyita perhatian publik,39
379,pengamat kebijakan publik trubus rahardiansah mendukung keberlanjutan program makan bergizi gratis mbg yang diinisiasi presiden prabowo subianto untuk itu program ini dimintanya untuk lebih diperkuat,29
380,,29
381,komisi ix dpr ri menyetujui empat langkah efisiensi strategis yang diajukan oleh badan gizi nasional bgn untuk memangkas alokasi anggaran program makan bergizi gratis mbg dengan proyeksi penghematan kas negara mencapai sedikitnya rp triliun rupiah anggota komisi ix dpr,32
382,menteri keuangan purbaya yudhi sadewa mengungkapkan keinginannya agar anggaran program makan bergizi gratis mbg dapat dipangkas lebih besar melalui langkah efisiensi namun ia menegaskan program prioritas pemerintah tersebut tetap harus berjalan karena dinilai memiliki manfaat,22
383,tagar ini muncul sbg respons thd berbagai kritik yg mempertanyakan efektivitas anggaran hingga teknis pelaksanaan program makan bergizi gratis mbg pendukung narasi ini merasa kritik yg ada cenderung mengecilkan urgensi program tsb,20
384,tangis seorang pegawai program makan bergizi gratis mbg beredar luas di media sosial ia menyampaikan harapannya agar program tersebut tetap berjalan karena dinilai membawa manfaat bagi banyak orang simak berita selengkapnya di beritasatu tv youtube,7
385,makan bergizi gratis tidak gratis,10
386,generasi muda didorong jadi motor penggerak ekonomi rakyat anak muda bukan hanya penerus tetapi juga penggerak pembangunan gubernur banten andra soni mengajak generasi muda mengambil peran nyata dalam memperkuat ekonomi rakyat salah satu potensi yang dinilai masih bisa,20
387,tv korsel obs soroti ​program makan bergizi gratis mbg yang memicu kasus keracunan massal dan memicu krisis dalam negeri bobroknya pengawasan dan manajemen yang amatiran bikin program megah ini berujung banyak korban dan dianggap buang buang anggaran menurut media korsel,23
388,beliau mendesak agar program makan bergizi gratis mbg ditunda sementara dan anggarannya dialihkan untuk pemulihan pascabencana di sumatera,28
389,mbg makan bergizi gratis gratis kenapa pake istilah investor bukan donatur kenapa merasa rugi kan harusnya csr kenapa pegawai sppg bukan relawan hmm,27
390,program makan bergizi gratis mbg menjadi salah satu kebijakan yang paling banyak menyita perhatian publik,25
391,pemerintah tengah memfokuskan perhatian pada pembenahan menyeluruh terhadap pelaksanaan program unggulan makan bergizi gratis mbg langkah strategis ini diambil menyusul adanya perombakan atau pergantian jajaran manajemen pengelola program tersebut hal itu ditegaskan langsung,25
392,komisi ix dpr ri menyepakati empat langkah efisiensi program makan bergizi gratis mbg yang disampaikan badan gizi nasional bgn dengan efisiensi itu anggaran negara bisa hemat hingga sekitar rp triliun,25
393,ribuan warga kabupaten banyuwangi jawa timur menggelar aksi damai di kantor bupati dan dprd setempat untuk menyuarakan dukungan agar program,25
394,lho kok bertentangan kan pemborosan apbn pada pos anggaran makan tidak bergizi tidak gratis dan kdmp,14
395,program makan bergizi gratis mbg udah jalan alhamdulillah ya menunya kreatif banget konsepnya gizi minimalis estetika maksimalis ​potongan tempenya setipis kartu atm sayurnya bening sebening masa depan yang penuh ketidakpastian yang penting di laporan fotonya kelihatan,29
396,surabaya membara demo indonesia sekarat berakhir ricuh massa desak bubarkan parlemen di grahadi kericuhan hebat pecah di depan gedung negara grahadi surabaya pada jumat malam aksi unjuk rasa ratusan massa yang tergabung dalam front anti kapitalisme dan warga,4
397,program makan gratis bergizi rb anak keracunan tv korea sampe liput promosi yg efektif bgt,13
398,demonstrasi mahasiswa sepanjang juni membawa tuntutan soal program makan bergizi gratis revisi undangundang polri hingga tekanan ekonomi nasional,24
399,luhut sebut perencanaan mbg kurang matang karena kesalahan kita bersama netizen salah kita ketua dewan ekonomi nasional den luhut binsar pandjaitan mengakui pelaksanaan program makan bergizi gratis mbg masih menghadapi sejumlah tantangan di lapangan menurutnya,14
400,dalam upaya memperkuat tata kelola program makan bergizi gratis badan gizi nasional melakukan evaluasi terhadap operasional satuan pelayanan pemenuhan gizi di berbagai daerah hasil evaluasi menunjukkan sejumlah titik sppg perlu dihentikan operasionalnya sementara,26
401,program makan bergizi gratis kasih jaminan pasar luas buat hasil panen petani lokal,35
402,program makan bergizi gratis bikin petani tenang karena hasil panennya selalu laku terjual,24
403,program makan bergizi gratis terbukti menghidupkan ekonomi sirkular dari sawah petani langsung menjadi gizi berharga bagi anak bangsa,15
404,langkah badan gizi nasional bgn menutup ratusan dapur makan bergizi gratis mbg fiktif di cilacap jawa tengah diapresiasi sejumlah kalangan tindakan tersebut sebagai wujud dari pembenahan tata kelola mbg,22
405,pemerintah memastikan anggaran program makan bergizi gratis atau mbg tahun akan dipangkas signifikan dari pagu awal seiring evaluasi menyeluruh terhadap efisiensi belanja dan tata kelola program meski demikian penghematan dipastikan tidak akan mengurangi kualitas serta,22
406,program makan bergizi gratis mbg merupakan salah satu upaya untuk mendukung peningkatan kualitas sumber daya manusia melalui pemenuhan kebutuhan gizi anak sejak usia dini,28
407,presiden prabowo diserang habishabisan karena programprogramnya berpihak kepada rakyat kecil yang menyerang adalah orang yang setiap harinya hidup enak mengapa karena orangorang miskin dikasih akses pendidikan gratis ➡️ sekolah rayat orang di daerah pelosok,28
408,relawan mbg ciamis bersatu kawal keberlanjutan program makan bergizi gratis dan desak pemerintah usut tuntas dugaan korupsi demi keadilan bersama,11
409,program makan bergizi gratis mbg memberikan dampak yang sangat positif bagi pemenuhan gizi dan tumbuh kembang anakanak di sekolah penutupan dapur fiktif oleh bgn adalah langkah tepat agar anggaran negara benarbenar sampai ke piring anakanak bukan disalahgunakan,29
410,kemarin aku langsung baca klarifikasi halaman full itu hahaha sudah kayak paper akademik saja temanteman yang mau ringkasan boleh lah ini ringkasan dulu sehabis ini aku kritik juga hehe isi klarifikasi mengaku hanya mewakili diri sendiri bukan universitas indonesia,29
411,kantor staf presiden ksp menegaskan komitmennya untuk terus membuka ruang dialog dengan seluruh pemangku kepentingan dalam mengawal pelaksanaan program prioritas presiden usai menerima audiensi aliansi masyarakat cinta indonesia di gedung bina graha jakarta pada rabu,29
412,dapur uwak adalah salah satu fasilitas mitra penyedia layanan program makan bergizi gratis mbg yang dijalankan oleh pemerintah dapur ini fokus melayani distribusi makanan sehat dan bergizi untuk anakanak sekolah serta kelompok rentan lainnya,19
413,pemerintah fokuskan program makan bergizi gratis mbg untuk kelompok b ibu hamil ibu menyusui dan balita strategi hulu ke hilir untuk pangkas angka stunting nasional secara efektif simak berita menarik lainnya di,12
414,ratusan relawan dapur sppg menghadiri silaturahmi akbar dan doa bersama sekabupaten ciamis aksi ini digelar sebagai bentuk dukungan nyata demi keberlanjutan program makan bergizi gratis mbg sekaligus mendesak pemerintah mengusut tuntas dugaan korupsi di lingkungan bgn,11
415,anggaran makan bergizi gratis mbg diperketat menkeu purbaya yudhi sadewa membentuk tim khusus di seluruh kabupatenkota untuk mengawasi operasional dan penggunaan anggaran sppg secara berkala agar tepat sasaran,11
416,indonesia masih dikepung aksi demo hingga akhir juni dari berbagai elemen kelompok masyarakat tuntutan massa pun masih sama kritik seputar program makan bergizi gratis mbg koperasi desa kelurahan merah putih kdkmp hingga isu kenaikan harga bahan bakar minyak bbm,12
417,pemerintah memastikan bahwa menu makan bergizi gratis mengandung komposisi nutrisi seimbang sesuai dengan standar kesehatan,19
418,dengan adanya makan bergizi gratis diharapkan angka absensi siswa menurun karena kondisi kesehatan mereka yang jauh lebih terjaga,11
419,di alunalun ciamis relawan mbg dan sppg berkumpul dalam silaturahmi akbar dan doa bersama kegiatan ini menjadi wujud dukungan agar program makan bergizi gratis terus berjalan baik sekaligus mendesak penegakan hukum yang tegas atas dugaan penyimpangan anggaran,12
420,menteri keuangan purbaya yudhi sadewa resmi membentuk tim monitor untuk mengawal penggunaan anggaran makan bergizi gratis mbg ​pengawasan ketat ini bakal melibatkan jajaran ditjen perbendaharaan dan djkn di seluruh kabupatenkota demi memastikan dana tepat sasaran,19
421,relawan mbg sekabupaten ciamis berkumpul di alunalun untuk doa bersama demi keberlanjutan program makan bergizi gratis ​tapi ingat program bagus jangan sampai dikotori korupsi mereka juga mendesak pemerintah usut tuntas dugaan korupsi di lingkungan bgn bersihkan,26
422,mendukung program makan bergizi gratis pemerintah untuk mencetak generasi emas yang cerdas kuat dan berprestasi,14
423,komitmen memperkuat tata kelola program makan bergizi gratis terus ditunjukkan pemerintah pembentukan tim monitoring penggunaan anggaran mbg di seluruh daerah menjadi langkah konkret untuk memastikan pengawasan berjalan ketat transparan dan tepat sasaran,18
424,menteri keuangan purbaya membentuk tim monitoring penggunaan anggaran program makan bergizi gratis pengawasan dilakukan diantaranya oleh jajaran direktorat jenderal kebenaran dan kekayaan negaradikn yang tersebar di seluruh kabupaten dan kota di seluruh indonesia,21
425,mendukung program makan bergizi gratis pemerintah untuk mencetak generasi emas yang cerdas kuat dan berprestasi,21
426,kecerian dan antusiasme anak anak penerima manfaat makan bergizi gratis menunjukkan bahwa mereka merasakan manfaat positif terhadap program tersebut mbg adalah investasi untuk menciptakan generasi penerus bangsa dan sehat kuat dan cerdas untuk mewujudkan indonesia emas,19
427,just in bem fhui mengajukan amicus curiae ke mahkamah konstitusi mk untuk mendukung perkara uji materiil nomor puuxxiv yang diajukan guru honorer reza sudrajat permohonan tersebut menyoal persen anggaran pendidikan untuk membiayai program makan bergizi gratis,24
428,bagi para petani program makan bergizi gratis mbg bukan sekadar kebijakan melainkan jaminan bahwa peluh keringat mereka dalam menanam padi dan sayur bermuara pada meja makan anakanak generasi penerus bangsa program ini adalah hulu ke hilir yang menghidupkan ekonomi desa,34
429,relawan makan bergizi gratis seciamis adakan silaturahmi akbar dan doa bersama di alunalun dukung keberlanjutan program mbg dan suarakan penuntasan korupsi di lingkungan bgn,19
430,program makan bergizi gratis merupakan investasi strategis untuk menciptakan generasi indonesia yang sehat cerdas dan unggul melalui tata kelola yang transparan akuntabel dan tepat sasaran,33
431,makan bergizi gratis membawa keceriaan dan kesehatan bagi generasi penerus kita dengan kesehatan yang terjaga dan fokus belajar yang lebih baik mereka siap menyongsong masa depan yang cerah program ini adalah investasi jangka panjang dengan dampak nasional mbg yang luar biasa,29
432,makan bergizi gratis membawa keceriaan dan kesehatan bagi generasi penerus kita dengan kesehatan yang terjaga dan fokus belajar yang lebih baik mereka siap menyongsong masa depan yang cerah program ini adalah investasi jangka panjang dengan dampak nasional mbg yang luar biasa,21
433,aksi demo mengkritisi program makan bergizi gratis mbg hingga kenaikan bahan bakar minyak bbm terus terjadi di tanah air jumat sore demo di surabaya tepatnya di gedung negara grahadi jalan gubernur suryo berujung ricuh massa yang menamakan diri warga,26
434,dukung bersama program makan bergizi gratis,22
435,dukung bersama program makan bergizi gratis,14
436,program makan bergizi gratis merupakan wujud nyata kepedulian pemerintah terhadap masa depan anak bangsa,12
437,wakil ketua komisi ix dpr ri charles honoris menilai rencana menteri kesehatan budi gunadi sadikin memberikan makanan bagi pasien tuberkulosis tbc melalui program makan bergizi gratis mbg perlu dikaji ulang meski demikian ia mendukung upaya pemerintah memberikan,7
438,program makan bergizi gratis disiapkan untuk mendukung gizi anakanak sekolah dasar,12
439,program makan bergizi gratis merupakan dukungan gizi untuk anakanak desa,13
440,hotman paris hutapea kembali menjadi sorotan publik setelah menyampaikan pandangannya terkait program makan bergizi gratis mbg salah satu program unggulan pemerintahan presiden prabowo subianto,20
441,mbg harus tepat sasaran membaca program makan bergizi gratis melalui perspektif iron triangle,18
442,mendukung program makan bergizi gratis pemerintah untuk mencetak generasi emas yang cerdas kuat dan berprestasi,15
443,menteri keuangan purbaya yudhi sadewa menyatakan dukungannya terhadap rencana efisiensi anggaran program makan bergizi gratis mbg yang diusulkan oleh badan gizi nasional bgn saat taklimat media di kantor kemenkeu jakarta pada hari jumat,17
444,risiko sunk cost fallacy di balik mbg makan bergizi gratis dan kdmp koperasi desa merah putih,17
445,makan bergizi gratis memperkuat ekonomi dan membuat indonesia mandiri terhadap ketahanan pangan mari kawal dan terus awasi,17
446,makan bergizi gratis memperkuat ekonomi dan membuat indonesia mandiri terhadap ketahana pangan terus kawal pelaksanaannya,16
447,makan bergizi gratis memperkuat ekonomi dan membuat indonesia mandiri ketahanan pangan mari dukung untuk masa depan anak indonesia lebih baik,19
448,makan bergizi gratis memperkuat ekonomi dan membuat indonesia mandiri terhadap ketahanan pangan dunia ketika krisis mari terus kawal dan evaluasi bersama,17
449,makan bergizi gratis memperkuat ekonomi dan membuat indonesia mandiri terhadap ketahanan pangan dunia terus dukung dan awasi,19
450,makan bergizi gratis memperkuat ekonomi dan membuat indonesia mandiri terhadap ketahanan pangan program baik ini butuh evaluasi bersama mari terus kawal,20
451,makan bergizi gratis memperkuat ekonomi dan membuat indonesia mandiri terhadap ketahanan pangan mari dukung,18
452,makan bergizi gratis memperkuat ekonomi dan membuat indonesia mandiri terhadap ketahanan pangan mari terus evaluasi pelaksanaannya,18
453,makan bergizi gratis memperkuat ekonomi dan membuat indonesia mandiri terhadap ketahanan pangan mari kawal pelaksanaannya,17
454,makan bergizi gratis memperkuat ekonomi dan membuat indonesia mandiri terhadap ketahanan pangan mari terus dukung dan evaluasi pelaksanaannya,19
455,makan bergizi gratis memperkuat ekonomi dan membuat indonesia mandiri terhadap ketahanan pangan,15
456,makan bergizi gratis untuk generasi emas indonesia,18
457,program makan bergizi gratis hadir untuk dukung anak sekolah fokus belajar tumbuh sehat dan wujudkan generasi kuat indonesia,17
458,ras terkuat menyampaikan kritik keras terhadap program makan bergizi gratis mbg yang sempat dikabarkan akan dihentikan sementara ia mempertanyakan urgensi program tersebut dengan argumen bahwa sebelum adanya mbg anak² indonesia sudah dalam kondisi sehat,20
459,puluhan mahasiswa dari pnc dan unaic adakan aksi damai di depan kantor bupati cilacap mereka tuntut evaluasi program pemerintah termasuk makan bergizi gratis dan dorong dialog langsung mahasiswa berperan penting jaga demokrasi tetap berjalan,18
460,visi misi gua mau bikin juta lapangan pekerjaan sama bikin program makan bergizi gratis acc,16
461,dukung makan bergizi gratis papua barat daya,18
462,dukung makan bergizi gratis papua barat daya,20
463,dukung makan bergizi gratis papua barat daya,22
464,menteri esdm bahlil lahadalia menyatakan bahwa pemerintah sedang mempercepat penggunaan compressed natural gas cng sebagai bauran energi alternatif langkah ini diambil untuk menekan ketergantungan impor lpg menghemat devisa negara serta mengurangi beban subsidi memanfaatkan,22
465,semenjak ada program mbg makan bergizi gratis beli susu uht jadi seribet ini ya sampai dicurigai berlebihan sama pihak toko,12
466,mahasiswa blitar sampaikan tuntutan ke dprd aksi sempat ricuh sebelum berakhir dialog blitar – aksi demonstrasi yang digelar aliansi cipayung plus blitar raya di depan kantor dprd kabupaten blitar kamis juni berlangsung dinamis unjuk rasa yang membawa berbagai,35
467,gue baru liat ini langsung gelenggeleng kepala ketua dpdri usulin rakyat sumbangkan sebagian hartanya buat program makan bergizi gratis mbg katanya biar rakyat ikut berpartisipasi partisipasi apa bro partisipasi bayar makanan yang katanya gratis ini lucu banget sih,21
468,keliatan kan emang dia cari insentif mana ada yang tulus buat kasi makan bergizi gratis,32
469,berkah makan bergizi gratis pendapatan petani buah sergai melonjak tajam✍️,31
470,sistem digitalisasi dan transparansi pengelolaan proyek besar seperti makan bergizi gratis harus tetap bisa dikritik secara fungsional oleh para ahli,22
471,rakyat bergerak mendukung keberlanjutan program makan bergizi gratis mbg demi pemenuhan gizi anakanak indonesia,21
472,substansi dari makan bergizi gratis itu seperti apa ya pak kok malah jadi celah segelintir orang untuk punya banyak dapur dan berefek ke kurangnya penerimaan negara dalam hal pajak,28
473,,31
474,tuntutan massa demo gabungan mahasiswa dan masyarakat sipil ini membawa tuntutan di antaranya menolak program makan bergizi gratis mbg menuntut stabilitas harga bahan pokok serta menolak reklamasi surabaya waterfront land,21
475,rakyat bergerak mendukung keberlanjutan program makan bergizi gratis mbg demi pemenuhan gizi anakanak indonesia adili koruptornya kawal tegas pelaksana programnya,26
476,program makan bergizi gratis menjadi langkah nyata menghadirkan kesempatan yang sama bagi setiap anak,24
477,ketua dewan ekonomi nasional luhut binsar pandjaitan mengakui pelaksanaan program makan bergizi gratis mbg menghadapi sejumlah persoalan karena perencanaan awal yang dinilai belum disiapkan secara matang ia bilang sederet masalah yang ada sebetulnya bisa dihindari kalau saja,30
478,rakyat bergerak mendukung keberlanjutan program makan bergizi gratis mbg,25
479,estimasi biaya pengembangan gta vi mencapai sekitar rp triliun selama tujuh tahun sebagai perbandingan angka tersebut setara sekitar dari anggaran program makan bergizi gratis mbg indonesia dalam satu tahun yang mencapai rp triliun meski keduanya memiliki tujuan,18
480,aksi demonstrasi gabungan warga dan mahasiswa surabaya masih berlangsung di depan gedung negara grahadi jumat massa memadati jalan gubernur suryo sambil menyampaikan aspirasi melalui orasi dalam aksi tersebut juga terlihat pembakaran tumpukan pakaian sebagai aksi,35
481,lowongan kerja dapur makan bergizi gratis koordinator lapangan pendidikan minimal s paling lambat juni selengkapnya di,26
482,definisi the real dapat makan bergizi gratis mbg kalau ini mah ga bisa rebuan minimal harusnya,15
483,baca di sini menteri keuangan ri purbaya yudhi sadewa mengaku menginginkan anggaran program makan bergizi gratis mbg bisa ditekan serendah mungkin namun purbaya menegaskan penghapusan anggaran program tersebut tidak mungkin dilakukan karena mbg,20
484,ㅤ “bayarnya boleh cicil” tawar elise yang memandang kekasihnya itu dengan penuh harap bukannya seharusnya hak gigit pipi kekasih sendiri itu gratis ya makan bergizi saja bisa ‘gratis’ masa ini tidak sih tapi karena kemarin sudah deal sang puan tidak bisa banyak — ㅤ,30
485,makan bergizi gratis,30
486,capt gema ngasih kritik logis yang menarik anak smpsma itu sebagian sudah ada yg merokok buat apa dikasih makan bergizi gratis ​lebih miris lagi budget asli rprbrprb per porsi diduga disunat oknum koruptor jadi rprb akibatnya muncul kasus susu diganti air santan,16
487,budget makan bergizi gratis mbg indonesia terbesar nomor di dunia tapi rawan blunder ​kita belum sekaya amerika tp budget program mbg kita tembus rp triliun ngalahin china sayangnya di lapangan malah muncul laporan stunting naik amp menu makanan b aja ​ko bisa,17
488,rapat dewan snezhnaya membahas program makan bergizi gratis mbg,21
489,pemerintah terus memperkuat pelaksanaan program makan bergizi gratis mbg tidak hanya melalui pengelolaan anggaran tetapi juga dengan meningkatkan kapasitas sumber daya manusia sdm dan tata kelola program menteri keuangan purbaya yudhi sadewa mengatakan kerja sama antara,21
490,kejaksaan agung membuka peluang memeriksa kepala badan gizi nasional bgn nanik s deyang terkait penyidikan kasus dugaan korupsi tata kelola program makan bergizi gratis mbg,25
491,ketika negara bekerja seperti mafia apakah ini untuk kepentingan rakyat atau untuk segolongan saja akhirnya masalah patriot bond dan merah putih bond yg kmrn ane tulis semacam negara memfasilitasi pencucian uang secara legal juga disoroti,25
492,karena ada yang nanya ini total kekayaan hartono bersaudara itu tembus sekitar rp triliun nah harta mereka secara teori sanggup bayarin seluruh program makan bergizi gratis mbg seindonesia selama tahun full tanpa pakai apbn negara kalo di convert per hari jadi,31
493,rakyat bergerak mendukung keberlanjutan program makan bergizi gratis mbg demi pemenuhan gizi anakanak indonesia,46
494,kepala badan komunikasi pemerintah ri m qodari menyebut siswa sma kemungkinan tidak lagi menjadi penerima program makan bergizi gratis mbg nonton episode beresberes mbg selengkapnya di youtube metro tv,25
495,programnya makan bergizi gratis tapi angka stunting di sanggau naik kan aneh ya,26
496,skema efisiensi program makan bergizi gratis mbg mencakup pengurangan penerima manfaat penyaluran mbg hanya pada senin–jumat serta evaluasi insentif sppg nonton episode beresberes mbg selengkapnya di youtube metro tv,25
497,​selama ini program makan bergizi gratis mbg identik dengan isu kesehatan dan pemenuhan gizi anak namun di balik itu program ini menyimpan,30
498,mbg bukan sekadar makan bergizi gratis tetapi investasi nyata untuk meningkatkan kualitas generasi penerus sekaligus menggerakkan ekonomi rakyat dari desa hingga seluruh indonesia,11
499,mbg bukan sekadar makan bergizi gratis tetapi investasi nyata untuk meningkatkan kualitas generasi penerus sekaligus menggerakkan ekonomi rakyat dari desa hingga seluruh indonesia,13
