Id,Label
d_OnlyMe__,d_OnlyMe__
Ndons_Back,Ndons_Back
yoonajah,yoonajah
trisyaadina,trisyaadina
rymndadnn,rymndadnn
bagas_adjie4,bagas_adjie4
emaaameliaa,emaaameliaa
ayunda_nisha,ayunda_nisha
Kanzia_92,Kanzia_92
Muhamadalibaim,Muhamadalibaim
syahslyrauf,syahslyrauf
ujanghanto13,ujanghanto13
DediKur24734119,DediKur24734119
dianoztra,dianoztra
maxsendy,maxsendy
Iksan_zeto1701,Iksan_zeto1701
iwan_170314,iwan_170314
bidhumas_jatim,bidhumas_jatim
hardieyzzz,hardieyzzz
tempedotc0,tempedotc0
YasintusAriman,YasintusAriman
bukamata18,bukamata18
abangdapane,abangdapane
dewiwnggita1,dewiwnggita1
sanddybhudi,sanddybhudi
only_saint_love,only_saint_love
kkungdensim,kkungdensim
MirfanUnknown03,MirfanUnknown03
TppBabar2024,TppBabar2024
arifanisa13,arifanisa13
avantegold,avantegold
charlessiahaan,charlessiahaan
Faraz_kepri,Faraz_kepri
andriisanjaya,andriisanjaya
Ine_cappuccino,Ine_cappuccino
nurhudang,nurhudang
txtrakyat,txtrakyat
fsaidhamzah,fsaidhamzah
jeevierhugword,jeevierhugword
pppidag,pppidag
fendiandol5,fendiandol5
Saturnsssssss,Saturnsssssss
OmBot18803320,OmBot18803320
renanurfiana4,renanurfiana4
Crsurvivor77,Crsurvivor77
IkaaPark,IkaaPark
MamaLemonmoh,MamaLemonmoh
bagus_blasius,bagus_blasius
cocochriz,cocochriz
RadioElshinta,RadioElshinta
DivHumas_Polri,DivHumas_Polri
tempodotco,tempodotco
Qu3en_Bakery,Qu3en_Bakery
akuhanyaaku24,akuhanyaaku24
bpsdmkemendesa,bpsdmkemendesa
zalkad,zalkad
divisihumaspolri,divisihumaspolri
YandriSusanto,YandriSusanto
ARizaPatria,ARizaPatria
KemensetnegRI,KemensetnegRI
GWirjawan,GWirjawan
aniesbaswedan,aniesbaswedan
ganjarpranowo,ganjarpranowo
mohmahfudmd,mohmahfudmd
YouTube,YouTube
KejaksaanRI,KejaksaanRI
kemendespdt,kemendespdt
bpikemendes,bpikemendes
prabowo,prabowo
indepenSumatera,indepenSumatera
Adiyatmaari,Adiyatmaari
klobotmerah,klobotmerah
txtharihariWNI,txtharihariWNI
ARSIPAJA,ARSIPAJA
txtdrimedia,txtdrimedia
yoga_nugraha88,yoga_nugraha88
LambeSahamjja,LambeSahamjja
P0113R,P0113R
Mdy_Asmara1701,Mdy_Asmara1701
gustiayutp,gustiayutp
kompascom,kompascom
satriohendri,satriohendri
croixsanct,croixsanct
UNICEF,UNICEF
KangManto123,KangManto123
Jelli_cent,Jelli_cent
Hidupsebagai62,Hidupsebagai62
bakuldimsum_,bakuldimsum_
ardisatriawan,ardisatriawan
Jakartalk,Jakartalk
an_asku,an_asku
bluesvyerlinn,bluesvyerlinn
pabalataq,pabalataq
dustina1k,dustina1k
bengkeldodo_,bengkeldodo_
salam4jari,salam4jari
vivhins,vivhins
yappingfess,yappingfess
themarszeppelin,themarszeppelin
